sample	PF3D7_0806200,63A123N124N125N135T186C	PF3D7_1455300,93G229G	PF3D7_1448500,33T164T	PF13_0125,122N123N124N125N126N127N128N	PF3D7_1408100_1,126N127N128N129N130N131N132N133N134N135N136N137N138N139N146N147N148N149N150N151N152N153N154N155N	GAMA,62T	PfDHFR_2,2A	B9,130N131N132N133N134N135N136N137N138N139N140N141N142N143N144N145N146N147N148N149N150N151N152N153N154N212A	PfDHFR_1,124C128T	PfSERA2_1,84A93T132N133N193C202C	PF3D7_0630600,19A76T125N	PF3D7_0501800,49T115N116N	PF13_0125,21A122N123N124N125N126N127N128N	PF3D7_1473700,105A111A	PF3D7_1473700,111A	PF3D7_0504400,.	PF3D7_0401900,2T96I=CCTTTGTTATTTTTGTTGT	PF3D7_0630600,125N	PF3D7_1429500,88A114N115N116N117N118N119N120N121N122N123N124N125N126N127N128N180A	PfKelch13C580Y,119N120N121N122N	PF3D7_0728200,116N117N118N119N	PF3D7_0401900,2T51G	PF3D7_0220800,78C	MSP10,129N130N131N132N133N134N135N136N137N138N139N140N141N142N143N144N145N146N147N148N149N	PfSERA2_1,84A91A93T132N133N193C	PF3D7_0630600,76T125N	PF3D7_0935400,115N116N117N118N119N120N121N122N123N124N125N126N127N128N149A	PF3D7_0615900,9A89A90A122I=TNNN122N123N124N125N126N127N128N129N130N131N132N133N134N	PF3D7_1407800,118N119N	PF3D7_0724700,.	PF3D7_1340400,125N126N127N128N129N183C	PF3D7_0525100,130N131N132N133N134N135N136N137N138N139N140N141N142N143N144N145N146N147N148N149N150N151N	PF3D7_1145400,124N125N126N127N128N129N130N131N132N133N134N135N136N137N138N	PF3D7_0411900_2,116N117N118N119N120N121N122N123N124N125N126N127N128N129N	PF10_0119,126N127N128N129N130N131N132N133N	Pf113,.	PF3D7_0806300,.	PF3D7_1329100,104C	PF3D7_0519300,121N122N123N	PF3D7_1455300,93G120N121N122N123N229G	PF3D7_1302900,125G128C146C	PF3D7_0411900_2,116N117N118N119N120N121N122N123N124N125N126N127N128N129N146T	PF3D7_1472300,131N132N133N134N135N136N137N138N139N140N141N142N143N144N145N146N147N148N149N150N199G	PF3D7_0501800,115N116N	PF3D7_0422500,.	MSRP3,.	PF3D7_0729700,.	SERA8,38A114N115N116N117N190A	PF3D7_1429500,114N115N116N117N118N119N120N121N122N123N124N125N126N127N128N	PF3D7_0802000,70T128N129N130N131N132N133N134N135N136N137N138N139N140N141N142N143N144N145N146N147N148N154N155N156N157N158N159N160N161N162N163N164N165N166N167N168N169N170N171N172N	PF3D7_1353100,66C125N126N127N128N129N130N131N132N133N134N135N136N137N138N139N140N141N142N143N144N145N146N147N148N215A	PF3D7_1114900,121N122N123N124N125N126N127N128N129N130N131N132N133N134N135N136N137N138N139N	PF3D7_1035100,34G63G69A130N131N132N133N134N135N136N137N138N139N140N141N142N143N144N145N146N147N148N149N150N151N152N153N154N155N156N157N168A183G243G	PF3D7_1035700,129N130N131N132N133N134N135N136N137N138N139N140N141N142N143N144N145N146N147N148N149N150N151N152N153N154N202A212A231G251A	PfAMA_1,.	PF3D7_1007900,106T	PF3D7_1246500,30A127N128N129N130N	PF3D7_1018600,127D=TTATTA	PF3D7_1035700,1T54G129N130N131N132N133N134N135N136N137N138N139N140N141N142N143N144N145N146N147N148N149N150N151N152N153N154N	KELT,175T	PF3D7_0503200,73D=AATGAA133I=TNNNNNN133N134N135N136N137N138N	PF3D7_1007900,.	PF3D7_0503200,63T66A128N129N130N131N132N133N134N135N136N137N138N	PF3D7_0809400,121N122N123N124N125N126N127N128N129N130N131N132N133N134N187T	GEST,43C53A	PF3D7_1352900,128N129N130N131N132N133N134N135N136N137N138N139N242T252G	PF3D7_1110200,35T69C112C137A	PF3D7_1211900,21T131N132N133N134N135N136N137C	PF3D7_1302700,111G130N131N132N133N134N135N136N137N138C261C	PF3D7_1145400,124N125N126N127N128N129N130N131N132N133N134N135N136N137N138N175A	PF3D7_1302900,1G21T34G128C	PF3D7_1035100,63G130N131N132N133N134N135N136N137N138N139N140N141N142N143N144N145N146N147N148N149N150N151N152N153N154N155N156N157N168A183G243G	PF3D7_1466800,130N131N132N133N134N135N136N137N138N139N140N141N142N143N144N145N146N147N148N149N150N151N152N153N154N155N156N157N158N159N160N161N162N163N164N165N	PF3D7_1239800_1,54G	Pfs16,.	PF3D7_0211700,22A129N130N131N132N133N134N135N136N137N138N139N140N141N142N143N144N145N146N147N148N149N150N151N152N153N154N155N156N158C188A195C217A268G	PF3D7_1126100_2,.	PF3D7_1129100,164T	PF3D7_1429800,125N126N127N128N129N130N131N132N133N134N135N136N137N138N139N140N141N142N143N144N145N146N147N148N149N150N151N211A226C	PF3D7_1250400,188A	PF3D7_1340400,125N126N127N128N129N130C183C	PF3D7_0508900,124N125N126N127N128N129N130N131N132N133N134N	PF3D7_1409700,84G124N125N126N127N128N129N130N131N132N133N134T	PF3D7_0905600,.	PF3D7_0615900,89A90A122I=TNNN122N123N124N125N126N127N128N129N130N131N132N133N134N	PF3D7_0809400,121N122N123N124N125N126N127N128N129N130N131N132N133N134N	PF3D7_1340400,124N125N126N127N128N129N183C	PF3D7_1129100,.	PF3D7_1126100_1,129N130N131N132N133N134N135N136N137N138N139N140N141N142N143N144N145N146N147N148N149N150N151N152N153N154N155N156N157N158N159N160N161N162N163N164N165N166N	ASP,.	PF3D7_0103600,70I=CATAATA83G120N129N130N131N132N133N139N140N141N142N143N144N145N146N147N148N149N150N151N152N153N154N155N156N157N158N159N160N161N162N163N164N165N166N167N168N169N170N171N172N173N247T	CSP,84T125N126N127N128N129N130N131N132N133N134N135N136N137N138N139N140N141N142N143N144N145N146N147N148N149N150N151N152N153N154N155N156N157N201C203C214T217C226G264T	PF3D7_0830800_1,.	PF3D7_1407800,118N119N197C	PF3D7_1340400,124N125N126N127N128N129N130C183C	TRAP,51C112C132N133N134N135N136N137N138N139N140N141N142N143N144N145N146N147N148N149N150N151N152N153N154N155N156N157N158N159N160N161N162N163N164N165N166N167N168N169N170N171N172N173N174N175N176N177N178N179N180N181N182N183N184N185N186N187N188N189N254G262G	PF3D7_0103600,70I=CATAATA83G120N129N130N131N132N133N139N140N141N142N143N144N145N146N147N148N149N150N151N152N153N154N155N156N157N158N159N160N161N162N163N164N165N166N167N168N169N170N171N172N173N	PF3D7_1466800,130N131N132N133N134N135N136N137N138N139N140N141N142N143N144N145N146N147N148N149N150N151N152N153N154N155N156N157N158N159N160N161N162N163N164N165N166C	PF3D7_0401900,2T51G96I=CCTTTGTTATTTTTGTTGT	PF3D7_0217200,129C130T132N133N134N135N136N137N138N139N140N141N142N143N144N145N146N147N148N154N155N156N157N158N159N160N161N162N163N164N165N166N167N168N169N170N171N172N178N179N180N181N	CSP,84T125N126N127N128N129N130N131N132N133N134N135N136N137N138N139N140N141N142N143N144N145N146N147N148N149N150N151N152N153N154N155N156N157N187T196T203C214G217C264T	PF3D7_1145400,125N126N127N128N129N130N131N132N133N134N135N136N137N138N175A	SURFIN,.	PSOP24,130N131N132N133N134N135N136N137N138N139N140N141N142N143N144N145N146N147N148N149N150N151N152N153N154N155N156N157N158N159N160N161N162N163N164N165N166N167T	PF3D7_0710400,.	PF3D7_1035100,34G63G129N130N131N132N133N134N135N136N137N138N139N140N141N142N143N144N145N146N147N148N149N150N151N152N153N154N155N156N157N168A183G243G	PF3D7_1250100,118N119N120N121N122N123N124N125N126N	PF3D7_0806200,123N124N125N186C	PF3D7_1320700,114N115N116N117N118N165T185A	PF3D7_1448500,.	PfSERA2_1,84A91A93T132N133N193C204A	PF3D7_1035100,63G129N130N131N132N133N134N135N136N137N138N139N140N141N142N143N144N145N146N147N148N149N150N151N152N153N154N155N156N157N168A183G243G	PF3D7_1466200,.	PF3D7_1302700,111G130N131N132N133N134N135N136N137N261C	PF3D7_0711500,87T91D=AAT96C130I=ANNN130N131N137N138N139N140N141N142N143N144N145N146N147N148N149N150N151N152N153N154N155N156N157N158N159N160N234A	PF3D7_1466800,130N131N132N133N134N135N136N137N138N139N140N141N142N143N144N145N146N147N148N149N150N151N152N153N154N155N156N157N158N159N160N161N162N163N164N165N166A	PF3D7_1125700,.	CSP,84T106A111C112C125N126N127N128N129N130N131N132N133N134N135N136N137N138N139N140N141N142N143N144N145N146N147N148N149N150N151N152N153N154N155N156N157N203C214G217C264T	PF3D7_1302700,111G130N131N132N133N134N135N136N137N138N139N	PfSERA2_1,84A88T93T132N133N159C193C202C	PF3D7_0503200,128N129N130N131N132N133N134N135N136N137N138N	PF3D7_0311900,84T127N128N129N130N131T133T135G234G	PF3D7_1302700,111G130N131N132N133N134N135N136N137N138C	PF3D7_1035100,34G63G69A129N130N131N132N133N134N135N136N137N138N139N140N141N142N143N144N145N146N147N148N149N150N151N152N153N154N155N156N157N168A183G243G	MSRP4,116A	PfSERA2_1,84A93T132N133N159C160A193C202C	PF3D7_1429500,114N115N116N117N118N119N120N121N122N123N124N125N126N127N128N180A	PF3D7_0806200,63A123N124N125N135T158T186C	PF3D7_0508900,57C124N125N126N127N128N129N130N131N132N133N134N141C	PF3D7_1418100,.	PF3D7_0806200,63A123N124N135T186C	PF3D7_0807800,177A178A	PF3D7_1340400,125N126N127N128N129N183C245C	PF3D7_1320700,91C114N115N116N117N118N165T185A	PF3D7_1473700,57T111A	PF3D7_1353100,63T66C125N126N127N128N129N130N131N132N133N134N135N136N137N138N139N140N141N142N143N144N145N146N147N148N215A	PF3D7_1250400,119N188A	MSP10,129N130N131N132N133N134N135N136N137N138N139N140N141N142N143N144N145N146N147N148N149N214G	PF3D7_1320700,91C114N115N116N117N	PF3D7_0711500,77A126N127N128N129N130N131N137N138N139N140N141N142N143N144N145N146N147N148N149N150N151N152N153N154N155N156N157N158N159N160N171A234A	MAL13P1.50,112T	PF3D7_0935400,115N116N117N118N119N120N121N122N123N124N125N126N127N128N	PF3D7_0501800,115N116N117N118N227G	PF3D7_1354200,130N131N132N133N134N135N136N137N138N139N140N141N142N143N144N145N146N147N148N149N150N151N152N	PF3D7_1320700,91C114N115N116N117N118N	PF3D7_0311900,84T127N128N129N130N131T234G	P38,126T127N128N129N130N131N132N133N134N135N136N137N138N139N140N141N142N143N144N145N146N147N148N149N150N151N152N153N154N155N156N157N158N159N160N161N162N163N164N165N166N167N168N169N170N171N172N173N174N175N221G228T	PF3D7_0615900,9A89A90A122I=TNN122N123N124N125N126N127N128N129N130N131N132N133N134N	PF3D7_0311900,84T127N128N129N130N133T135G234G	PfSERA2_1,84A93T132N133N134C135T136G137C159C193C202C	PF3D7_1447900,112C	PF3D7_0103600,70I=CATAATA83G119G120N129N130N131N132N133N139N140N141N142N143N144N145N146N147N148N149N150N151N152N153N154N155N156N157N158N159N160N161N162N163N164N165N166N167N168N169N170N171N172N173N247T	TRAP,51C112C118A131G132N133N134N135N136N137N138N139N140N141N142N143N144N145N146N147N148N149N150N151N152N153N154N155N156N157N158N159N160N161N162N163N164N165N166N167N168N169N170N171N172N173N174N175N176N177N178N179N180N181N182N183N184N185N186N187N188N189N195T262G	PfAMA_1,48A71G118A137C164G	PSOP24,130D=CTTAT135N136N137N138N139N140N141N142N143N144N145N146N147N148N149N150N151N152N153N154N155N156N157N158N159N160N161N162N163N164N165N166N167N168N169N170N171N174C178T181D=AGG185T188G195D=T201G202G203G207I=GGTTACCTTA207T	B9,59A62A64T67T74C76G77A78A79T82A83G87T89A90A93T94C98T99C100T102A103T104T106C107T108C111T113C114A115T119A124T127A129A130N131N132N133N134N135N136N137N138N139N140N141N142N143N144N145N146N147N148N149N150N151N152N153N154N212A	PF3D7_0103600,70I=CATAATA83G119G120N129N130N131N132N133N139N140N141N142N143N144N145N146N147N148N149N150N151N152N153N154N155N156N157N158N159N160N161N162N163N164N165N166N167N168N169N170N171N172N173N	PF3D7_0806200,63A123N124N125N135T	PF3D7_1114900,121N122N123N124N125N126N127N128N129N130N131N132N133N134N135N136N137N138N139N259A	PF3D7_1469600,14C27A117N118N119N120N121N	PF3D7_1126100_2,1D=T	PF3D7_0615900,122I=TNNN122N123N124N125N126N127N128N129N130N131N132N133N134N237T238C	PF3D7_1354200,130N131N132N133N134N135N136N137N138N139N140N141N142N143N144N145N146N147N148N149N150N182A	PF3D7_1455300,120N121N122N123N	PF3D7_0508900,123N124D=C125N126N127N128N129N130N131N132N133N134N	PF3D7_1322200,125N126N127N128N129N130N131N132N133N134N135N136N137N138N139N140N141N142N143N144N145N146N147N148N149N150N151N163N164N165N166N167N	PF3D7_1302700,130N131N132N133N134N135N136N137N261C	PF3D7_1018600,127D=TTA	PF3D7_0103600,70I=CATAATA83G120D=G129N130N131N132N133N139N140N141N142N143N144N145N146N147N148N149N150N151N152N153N154N155N156N157N158N159N160N161N162N163N164N165N166N167N168N169N170N171N172N173N174N220C	PF3D7_0615900,9A89A90A122I=TNNNN122N123N124N125N126N127N128N129N130N131N132N133N134N	P38,21T126N127N128N129N130N131N132N133N134N135N136N137N138N139N140N141N142N143N144N145N146N147N148N149N150N151N152N153N154N155N156N157N158N159N160N161N162N163N164N165N166N167N168N169N170N171N172N173N174N175N221G228T	CSP,84T126N127N128N129N130N131N132N133N134N135N136N137N138N139N140N141N142N143N144N145N146N147N148N149N150N151N152N153N154N155N156N157N201C203C214T217C226G264T	PF3D7_1126100_1,129I=AN129N130N131N132N133N134N135N136N137N138N139N140N141N142N143N144N145N146N147N148N149N150N151N152N153N154N155N156N157N158N159N160N161N162N163N164N165N	PF3D7_1250100,57T112N113N114N115N116N117N118N119N120N121N122N123N124N125N126N	B9,130N131N132N133N134N135N136N137N138N139N140N141N142N143N144N145N146N147N148N149N150N151N152N153N154N155N156G157A165A166A169I=AAG176G179A185T186C187C188G189I=AT191G192G195T196C198C199A201G202C204C206C207G210C212A213T214A216D=TC220A223G228T229T231A232A236A238C241D=T	PfSERA2_1,84A91A93T132N133N159C193C202C	PF3D7_0311900,84T125N126N127N128N129N131T133D=A135G234G	TRAP,51C80C82D=GTTC89A90T92A95C96A97A99A100C109D=TATT115A119G121G122A123A127G129I=GAATATATC132N133N134N135N136N137N138N139N140N141N142N143N144N145N146N147N148N149N150N151N152N153N154N155N156N157N158N159N160N161N162N163N164N165N166N167N168N169N170N171N172N173N174N175N176N177N178N179N180N181N182N183N184N185N186N187N188N189N262G	B9,110C112G114A115T118A123T125A129T130N131N132N133N134N135N136N137N138N139N140N141N142N143N144N145N146N147N148N149N150N151N152N153N154N212A	PF3D7_0311900,84T126G127N128N129N130N131T133T135G234G	PF3D7_1322200,125N126N127N128N129N130N131N132N133N134N135N136N137N138N139N140N141N142N143N144N145N146N147N148N149N150N151N163N164N165N166N167N168T	PF3D7_0217200,120G121G126C129A131A132N133N134N135N136N137N138N139N140N141N142N143N144N145N146N147N148N154N155N156N157N158N159N160N161N162N163N164N165N166N167N168N169N170N171N172N178N179N180N181N183A185A186G187G191C193T194A196G197A198G199G201G205A206C	PF3D7_0211700,22A129N130N131N132N133N134N135N136N137N138N139N140N141N142N143N144N145N146N147N148N149N150N151N152N153N154N155N156N	PfSERA2_1,84A92C93T131N132N133N159C193C202C	PSOP24,92I=TTATTATTA93A94A96T100A101T103A105A106A107T108C112C115A116G117G120A122A123A124N125N126N127N128N129N130D=CTTATTAT138N139N140N141N142N143N144N145N146N147N148N149N150N151N152N153N154N155N156N157N158N159N160N161N162N163N164N165N166N	PF3D7_1455300,88G93G229G	PF3D7_0827100,120N121N122N123N124N125N126N127N128N129N130N131N134A136G137A139T144A145T149A150C151T152G153G154G157T159I=TA165D=G166T	PSOP24,76I=GT78A81G84D=C92I=TTATTATTA93A94A96T100A101T103A105A106A107T108C112C115A116G117G120A122A123A124N125N126N127N128N129N130D=CTTATTAT138N139N140N141N142N143N144N145N146N147N148N149N150N151N152N153N154N155N156N157N158N159N160N161N162N163N164N165N166N237T	PF3D7_1035100,34G63G130I=TNNNNNNNNNNN130N131N132N133N134N135N136N137N138N139N140N141N142N143N144N145N146N147N148N149N150N151N152N153N154N155N156N157N158N159N160N161N162N163N164N165N166N167N168N169N170N171N172N173N174N175N176N177N178N179N180N181N182N183N184G185G187A188G190G195D=G196C200T202T205C206C209A211T213C215C216D=AATTAGTGAA227G230T232A243G	PF3D7_0501800,78D=CC81G82G83T85G88D=TTA98A100G101T102G104G107A109A110A113T114A117I=ANNNNNNNNNN	PF3D7_1145400,124I=CNNNNNNNNNNNNNNNNNNNNNNNNNNN124N125N126N127N128N129N130N131N132N133N134N135N136N137N138N139N140N141N142N143N144N145N146N147N148N149N150N151N152N153N154N155N156N161C164D=GC166C174D=GGG181T183C185C187C189D=G193T194D=TGACTTACTCTATCTAGA	PF3D7_0217200,120C123C124G126C127G130G132N133N134N135N136N137N138N139N140N141N142N143N144N145N146N147N148N154N155N156N157N158N159N160N161N162N163N164N165N166N167N168N169N170N171N172N178N179N180N181N	PF10_0119,126N127N128N129N130N131N132N133N134N135N136N137N139T140T142C143T146T147G148C149T150A151G152G156D=TGT165C175I=AAAT175A	PF3D7_0211700,129N130N131N132N133N134N135N136N137N138N139N140N141N142N143N144N145N146N147N148N149N150N151N152N153N154N155N156N158C188A195C217A268G	PF3D7_1472300,131N132N133N134N135N136N137N138N139N140N141N142N143N144N145N146N147N148N149N150N151N152N153N154N162G163C164D=ATTATGATGAT181C183A184G185T186C189A190T194A195A197T198C201T202A205C206A209C211A213C214C215C217C219I=TTTAA219T
G1M007_S70	1009.0	1281.0	445.0	0.0	673.0	520.0	281.0	517.0	312.0	0.0	1043.0	0.0	0.0	474.0	0.0	0.0	0.0	0.0	437.0	194.0	270.0	0.0	0.0	185.0	0.0	0.0	150.0	207.0	229.0	137.0	0.0	173.0	143.0	0.0	195.0	121.0	189.0	322.0	188.0	120.0	0.0	254.0	139.0	0.0	0.0	110.0	105.0	69.0	0.0	39.0	0.0	51.0	0.0	139.0	71.0	0.0	40.0	31.0	0.0	38.0	0.0	93.0	71.0	38.0	0.0	30.0	35.0	0.0	24.0	0.0	0.0	0.0	0.0	149.0	0.0	920.0	30.0	18.0	0.0	22.0	0.0	25.0	23.0	12.0	0.0	0.0	131.0	0.0	0.0	0.0	0.0	0.0	5.0	0.0	0.0	0.0	18.0	35.0	0.0	0.0	8.0	0.0	13.0	0.0	0.0	0.0	0.0	0.0	5.0	0.0	0.0	0.0	0.0	0.0	0.0	0.0	20.0	0.0	0.0	0.0	0.0	4.0	0.0	0.0	0.0	0.0	0.0	0.0	0.0	0.0	0.0	0.0	0.0	0.0	0.0	0.0	0.0	0.0	0.0	0.0	0.0	0.0	0.0	0.0	0.0	0.0	0.0	0.0	0.0	0.0	0.0	0.0	0.0	0.0	0.0	0.0	0.0	0.0	0.0	0.0	0.0	0.0	0.0	0.0	0.0	5.0	0.0	0.0	0.0	0.0	0.0	0.0	0.0	0.0	0.0	0.0	0.0	0.0	0.0	0.0	0.0	0.0	0.0	0.0	0.0	0.0	0.0	0.0	0.0	0.0	0.0	0.0	0.0	0.0	0.0
G1M008_S58	3113.0	1971.0	1352.0	1047.0	1187.0	927.0	707.0	928.0	675.0	4988.0	0.0	809.0	0.0	2236.0	0.0	2493.0	0.0	0.0	872.0	581.0	427.0	0.0	0.0	514.0	0.0	1820.0	298.0	458.0	466.0	289.0	317.0	351.0	346.0	0.0	213.0	241.0	1087.0	0.0	424.0	147.0	0.0	501.0	140.0	0.0	0.0	170.0	114.0	0.0	0.0	188.0	0.0	141.0	0.0	347.0	0.0	148.0	83.0	83.0	0.0	0.0	132.0	0.0	0.0	91.0	0.0	103.0	99.0	177.0	0.0	0.0	0.0	0.0	96.0	0.0	0.0	0.0	30.0	66.0	0.0	18.0	0.0	50.0	0.0	27.0	0.0	0.0	0.0	0.0	0.0	24.0	36.0	0.0	0.0	0.0	0.0	0.0	0.0	0.0	0.0	0.0	31.0	0.0	36.0	0.0	0.0	0.0	39.0	0.0	9.0	0.0	0.0	0.0	0.0	0.0	0.0	0.0	0.0	0.0	0.0	0.0	0.0	12.0	98.0	0.0	0.0	0.0	0.0	0.0	0.0	0.0	0.0	0.0	0.0	0.0	0.0	0.0	0.0	0.0	0.0	0.0	0.0	0.0	0.0	0.0	0.0	0.0	0.0	0.0	0.0	0.0	0.0	0.0	0.0	0.0	0.0	0.0	0.0	0.0	0.0	0.0	0.0	0.0	0.0	0.0	0.0	0.0	0.0	0.0	0.0	0.0	0.0	0.0	0.0	0.0	0.0	0.0	0.0	0.0	0.0	0.0	0.0	0.0	0.0	0.0	0.0	0.0	0.0	0.0	0.0	0.0	0.0	0.0	0.0	0.0	0.0
G1M034_S46	1668.0	1729.0	842.0	1219.0	1033.0	493.0	419.0	726.0	443.0	0.0	0.0	478.0	0.0	1860.0	0.0	1353.0	0.0	1172.0	628.0	405.0	214.0	0.0	0.0	263.0	2354.0	0.0	218.0	260.0	292.0	150.0	242.0	220.0	310.0	344.0	167.0	257.0	0.0	0.0	253.0	170.0	0.0	0.0	109.0	0.0	254.0	115.0	53.0	111.0	0.0	69.0	0.0	91.0	0.0	162.0	0.0	129.0	65.0	65.0	0.0	48.0	0.0	0.0	87.0	0.0	0.0	0.0	0.0	125.0	53.0	0.0	0.0	0.0	0.0	0.0	0.0	0.0	38.0	60.0	0.0	27.0	0.0	16.0	0.0	13.0	0.0	61.0	0.0	0.0	0.0	13.0	0.0	19.0	15.0	0.0	0.0	0.0	0.0	55.0	0.0	31.0	0.0	0.0	0.0	0.0	0.0	0.0	0.0	0.0	0.0	0.0	0.0	0.0	0.0	0.0	16.0	0.0	0.0	0.0	0.0	0.0	0.0	5.0	0.0	0.0	0.0	0.0	0.0	0.0	0.0	0.0	0.0	0.0	0.0	0.0	0.0	0.0	0.0	0.0	0.0	0.0	0.0	0.0	0.0	0.0	0.0	0.0	0.0	0.0	0.0	0.0	0.0	0.0	0.0	0.0	0.0	0.0	0.0	0.0	0.0	0.0	0.0	0.0	0.0	0.0	0.0	0.0	0.0	0.0	0.0	0.0	0.0	0.0	0.0	0.0	0.0	0.0	0.0	0.0	0.0	0.0	0.0	0.0	0.0	0.0	0.0	0.0	0.0	0.0	0.0	0.0	0.0	0.0	0.0	0.0	0.0
G4G3663_S13	4329.0	5315.0	2558.0	3071.0	1878.0	1464.0	1692.0	1229.0	1762.0	0.0	0.0	1340.0	0.0	0.0	1630.0	0.0	0.0	2956.0	1174.0	713.0	936.0	4914.0	0.0	980.0	0.0	0.0	697.0	707.0	605.0	500.0	621.0	605.0	725.0	0.0	383.0	307.0	0.0	1104.0	0.0	403.0	0.0	723.0	157.0	0.0	855.0	250.0	234.0	275.0	0.0	263.0	332.0	106.0	514.0	0.0	306.0	0.0	145.0	96.0	0.0	67.0	282.0	314.0	0.0	140.0	0.0	114.0	0.0	127.0	123.0	0.0	210.0	0.0	70.0	0.0	0.0	0.0	63.0	108.0	0.0	47.0	189.0	57.0	58.0	36.0	0.0	0.0	0.0	0.0	101.0	36.0	18.0	78.0	23.0	0.0	0.0	0.0	0.0	0.0	0.0	0.0	0.0	0.0	0.0	0.0	0.0	0.0	30.0	0.0	9.0	0.0	0.0	0.0	0.0	0.0	0.0	0.0	0.0	0.0	0.0	0.0	0.0	0.0	0.0	0.0	0.0	0.0	0.0	0.0	0.0	0.0	0.0	0.0	0.0	0.0	0.0	0.0	0.0	0.0	0.0	0.0	0.0	0.0	0.0	0.0	0.0	0.0	0.0	0.0	0.0	0.0	0.0	0.0	0.0	0.0	0.0	2.0	0.0	0.0	0.0	0.0	0.0	0.0	0.0	0.0	0.0	0.0	0.0	0.0	0.0	0.0	0.0	0.0	0.0	0.0	0.0	0.0	0.0	0.0	0.0	0.0	0.0	0.0	0.0	0.0	0.0	0.0	0.0	0.0	0.0	0.0	0.0	0.0	0.0	0.0	0.0
G4G3707_S1	5172.0	4661.0	3144.0	1884.0	1896.0	1795.0	1892.0	671.0	2124.0	0.0	0.0	1571.0	0.0	0.0	2726.0	0.0	5438.0	1876.0	748.0	1284.0	1020.0	0.0	3891.0	975.0	0.0	0.0	492.0	676.0	760.0	517.0	646.0	598.0	652.0	1099.0	198.0	245.0	0.0	0.0	0.0	339.0	0.0	0.0	62.0	0.0	0.0	224.0	154.0	239.0	0.0	156.0	349.0	70.0	368.0	0.0	596.0	244.0	47.0	72.0	0.0	78.0	0.0	0.0	117.0	110.0	0.0	137.0	0.0	263.0	0.0	0.0	252.0	0.0	63.0	0.0	0.0	0.0	81.0	156.0	0.0	24.0	215.0	34.0	0.0	26.0	0.0	0.0	0.0	0.0	34.0	33.0	0.0	0.0	48.0	0.0	0.0	0.0	0.0	0.0	0.0	0.0	0.0	0.0	0.0	0.0	0.0	0.0	0.0	0.0	25.0	0.0	0.0	0.0	0.0	0.0	0.0	0.0	0.0	20.0	0.0	0.0	0.0	0.0	0.0	0.0	0.0	0.0	0.0	0.0	0.0	0.0	0.0	0.0	0.0	0.0	0.0	0.0	0.0	0.0	0.0	0.0	0.0	0.0	0.0	0.0	0.0	0.0	0.0	0.0	0.0	0.0	0.0	0.0	0.0	0.0	0.0	0.0	0.0	0.0	0.0	0.0	0.0	0.0	0.0	0.0	0.0	0.0	0.0	0.0	0.0	0.0	0.0	0.0	0.0	0.0	0.0	0.0	0.0	0.0	0.0	0.0	0.0	0.0	0.0	0.0	0.0	0.0	0.0	0.0	0.0	0.0	0.0	0.0	0.0	0.0	0.0
G4G3715_S25	2116.0	1755.0	718.0	1156.0	573.0	1003.0	263.0	370.0	352.0	0.0	0.0	502.0	42.0	711.0	0.0	146.0	0.0	0.0	533.0	225.0	339.0	1620.0	490.0	311.0	1018.0	1484.0	220.0	220.0	200.0	178.0	258.0	158.0	0.0	0.0	164.0	97.0	0.0	0.0	0.0	156.0	0.0	287.0	108.0	0.0	269.0	81.0	84.0	93.0	0.0	66.0	114.0	43.0	175.0	0.0	111.0	0.0	46.0	44.0	0.0	20.0	128.0	71.0	0.0	41.0	0.0	28.0	34.0	0.0	0.0	255.0	0.0	0.0	0.0	0.0	0.0	0.0	21.0	22.0	0.0	17.0	0.0	35.0	15.0	15.0	0.0	0.0	0.0	0.0	0.0	13.0	23.0	20.0	6.0	0.0	0.0	0.0	0.0	20.0	31.0	0.0	0.0	0.0	0.0	0.0	0.0	0.0	5.0	0.0	0.0	0.0	0.0	0.0	0.0	0.0	0.0	0.0	0.0	0.0	0.0	0.0	0.0	0.0	0.0	0.0	0.0	0.0	0.0	0.0	0.0	0.0	0.0	0.0	0.0	0.0	0.0	0.0	0.0	0.0	0.0	0.0	0.0	0.0	0.0	0.0	0.0	0.0	0.0	0.0	0.0	0.0	0.0	0.0	0.0	0.0	0.0	0.0	0.0	0.0	0.0	0.0	0.0	0.0	0.0	0.0	0.0	0.0	0.0	0.0	0.0	0.0	0.0	0.0	0.0	0.0	0.0	0.0	0.0	0.0	0.0	0.0	0.0	0.0	0.0	0.0	0.0	0.0	0.0	0.0	0.0	0.0	0.0	0.0	0.0	0.0	0.0
G4G3742_S56	2705.0	2466.0	1396.0	1473.0	1147.0	968.0	806.0	944.0	959.0	0.0	0.0	744.0	0.0	0.0	1295.0	0.0	0.0	0.0	823.0	498.0	508.0	0.0	0.0	441.0	0.0	1858.0	369.0	442.0	305.0	250.0	366.0	314.0	384.0	556.0	183.0	204.0	1098.0	0.0	0.0	188.0	0.0	0.0	129.0	0.0	327.0	148.0	143.0	178.0	0.0	144.0	182.0	145.0	0.0	219.0	207.0	130.0	94.0	70.0	0.0	98.0	142.0	0.0	0.0	77.0	0.0	68.0	81.0	0.0	0.0	0.0	0.0	0.0	54.0	0.0	0.0	0.0	33.0	59.0	0.0	26.0	0.0	31.0	32.0	20.0	0.0	0.0	0.0	0.0	64.0	20.0	0.0	0.0	11.0	0.0	0.0	0.0	28.0	0.0	0.0	0.0	32.0	0.0	0.0	0.0	0.0	0.0	20.0	0.0	14.0	0.0	0.0	0.0	0.0	0.0	0.0	0.0	0.0	0.0	93.0	0.0	0.0	0.0	0.0	0.0	0.0	0.0	0.0	0.0	0.0	0.0	0.0	0.0	0.0	0.0	0.0	0.0	0.0	0.0	0.0	0.0	0.0	0.0	0.0	0.0	0.0	0.0	0.0	0.0	0.0	0.0	0.0	0.0	0.0	0.0	0.0	0.0	0.0	0.0	0.0	0.0	0.0	0.0	0.0	0.0	0.0	0.0	0.0	0.0	0.0	0.0	0.0	0.0	0.0	0.0	0.0	0.0	0.0	0.0	0.0	0.0	0.0	0.0	0.0	0.0	0.0	0.0	0.0	0.0	0.0	0.0	0.0	0.0	0.0	0.0	0.0
G4G3751_S43	1971.0	2279.0	1120.0	2273.0	869.0	613.0	657.0	854.0	670.0	0.0	0.0	602.0	0.0	1253.0	0.0	0.0	0.0	0.0	634.0	430.0	315.0	0.0	0.0	369.0	0.0	1780.0	269.0	274.0	275.0	258.0	229.0	258.0	295.0	321.0	210.0	188.0	0.0	249.0	286.0	174.0	1067.0	0.0	272.0	0.0	0.0	93.0	100.0	109.0	0.0	126.0	0.0	172.0	0.0	214.0	0.0	131.0	57.0	100.0	0.0	94.0	112.0	0.0	0.0	0.0	0.0	0.0	129.0	0.0	0.0	0.0	0.0	0.0	45.0	0.0	0.0	0.0	33.0	0.0	0.0	23.0	0.0	24.0	0.0	11.0	0.0	67.0	0.0	0.0	0.0	10.0	0.0	24.0	15.0	0.0	0.0	0.0	40.0	0.0	0.0	0.0	0.0	0.0	0.0	0.0	0.0	0.0	0.0	0.0	5.0	0.0	0.0	0.0	11.0	0.0	0.0	0.0	0.0	0.0	0.0	0.0	0.0	0.0	0.0	0.0	0.0	68.0	0.0	0.0	0.0	0.0	0.0	0.0	0.0	0.0	0.0	0.0	0.0	0.0	0.0	0.0	0.0	0.0	0.0	0.0	0.0	0.0	0.0	0.0	7.0	0.0	0.0	0.0	0.0	0.0	0.0	0.0	0.0	0.0	0.0	0.0	0.0	0.0	0.0	0.0	0.0	0.0	0.0	0.0	0.0	0.0	0.0	0.0	0.0	0.0	0.0	0.0	0.0	0.0	0.0	0.0	0.0	0.0	0.0	0.0	0.0	0.0	0.0	0.0	0.0	0.0	0.0	0.0	0.0	0.0	0.0
G4G3755_S79	767.0	1429.0	1264.0	3350.0	784.0	1376.0	672.0	354.0	664.0	0.0	1947.0	612.0	0.0	318.0	0.0	0.0	0.0	0.0	330.0	219.0	442.0	0.0	0.0	220.0	0.0	0.0	699.0	171.0	0.0	261.0	149.0	238.0	0.0	0.0	312.0	281.0	283.0	0.0	0.0	124.0	1341.0	193.0	200.0	0.0	167.0	87.0	140.0	116.0	0.0	35.0	274.0	49.0	0.0	0.0	69.0	0.0	69.0	43.0	0.0	35.0	0.0	167.0	0.0	33.0	407.0	36.0	23.0	0.0	0.0	209.0	0.0	0.0	0.0	198.0	0.0	0.0	53.0	0.0	0.0	42.0	0.0	0.0	36.0	17.0	0.0	0.0	0.0	0.0	0.0	41.0	0.0	0.0	0.0	312.0	0.0	0.0	10.0	53.0	0.0	0.0	0.0	0.0	0.0	0.0	0.0	0.0	0.0	0.0	0.0	0.0	0.0	0.0	0.0	0.0	0.0	0.0	0.0	16.0	0.0	0.0	102.0	3.0	0.0	0.0	0.0	0.0	0.0	0.0	34.0	0.0	0.0	0.0	0.0	0.0	0.0	0.0	0.0	0.0	0.0	0.0	0.0	0.0	0.0	0.0	0.0	0.0	0.0	0.0	0.0	0.0	0.0	0.0	0.0	0.0	0.0	0.0	0.0	0.0	0.0	0.0	0.0	0.0	0.0	0.0	0.0	0.0	0.0	0.0	0.0	0.0	0.0	0.0	0.0	0.0	0.0	0.0	0.0	0.0	0.0	0.0	0.0	0.0	0.0	0.0	0.0	0.0	0.0	0.0	0.0	0.0	0.0	0.0	0.0	0.0	0.0
G4G3756_S66	1542.0	1521.0	770.0	1111.0	835.0	674.0	309.0	571.0	361.0	0.0	0.0	517.0	0.0	1443.0	0.0	0.0	0.0	0.0	455.0	243.0	272.0	0.0	699.0	196.0	0.0	1468.0	231.0	266.0	230.0	147.0	213.0	213.0	238.0	0.0	141.0	191.0	0.0	298.0	0.0	115.0	0.0	317.0	86.0	0.0	0.0	109.0	62.0	96.0	0.0	80.0	0.0	67.0	201.0	0.0	108.0	92.0	71.0	49.0	0.0	0.0	110.0	0.0	0.0	35.0	0.0	39.0	39.0	0.0	0.0	0.0	0.0	0.0	0.0	0.0	0.0	0.0	21.0	26.0	0.0	26.0	0.0	29.0	0.0	12.0	0.0	0.0	0.0	0.0	48.0	9.0	20.0	0.0	17.0	0.0	0.0	0.0	0.0	35.0	0.0	0.0	0.0	0.0	6.0	0.0	0.0	0.0	0.0	0.0	8.0	0.0	0.0	0.0	10.0	46.0	13.0	0.0	20.0	5.0	0.0	0.0	0.0	0.0	0.0	0.0	0.0	0.0	0.0	0.0	0.0	0.0	0.0	0.0	0.0	0.0	0.0	0.0	0.0	0.0	0.0	0.0	0.0	0.0	0.0	0.0	0.0	0.0	0.0	0.0	0.0	0.0	0.0	0.0	0.0	0.0	0.0	0.0	0.0	0.0	0.0	0.0	0.0	0.0	0.0	0.0	0.0	0.0	0.0	0.0	0.0	0.0	0.0	0.0	0.0	0.0	0.0	0.0	0.0	0.0	0.0	0.0	0.0	0.0	0.0	0.0	0.0	0.0	0.0	0.0	0.0	0.0	0.0	0.0	0.0	0.0	0.0
G4G3758_S6	2277.0	1868.0	987.0	1560.0	1017.0	683.0	477.0	757.0	598.0	0.0	0.0	706.0	0.0	0.0	849.0	0.0	0.0	0.0	655.0	350.0	395.0	0.0	0.0	279.0	0.0	1588.0	211.0	301.0	333.0	200.0	231.0	284.0	307.0	0.0	269.0	211.0	0.0	0.0	297.0	134.0	0.0	279.0	121.0	0.0	0.0	139.0	100.0	155.0	0.0	66.0	170.0	84.0	302.0	0.0	178.0	0.0	64.0	50.0	187.0	0.0	93.0	135.0	0.0	0.0	0.0	59.0	60.0	0.0	0.0	0.0	0.0	0.0	54.0	0.0	0.0	0.0	23.0	39.0	0.0	31.0	0.0	0.0	34.0	10.0	0.0	56.0	0.0	0.0	0.0	14.0	26.0	0.0	12.0	0.0	0.0	0.0	0.0	0.0	0.0	0.0	21.0	0.0	0.0	0.0	0.0	0.0	0.0	0.0	0.0	0.0	0.0	0.0	14.0	0.0	0.0	0.0	0.0	0.0	0.0	112.0	0.0	0.0	0.0	0.0	0.0	0.0	0.0	0.0	29.0	0.0	0.0	0.0	0.0	0.0	0.0	0.0	0.0	0.0	0.0	0.0	0.0	0.0	0.0	0.0	0.0	0.0	0.0	0.0	0.0	0.0	0.0	0.0	0.0	0.0	0.0	1.0	0.0	0.0	0.0	0.0	0.0	0.0	0.0	0.0	0.0	0.0	0.0	0.0	0.0	0.0	0.0	0.0	0.0	0.0	0.0	0.0	0.0	0.0	0.0	0.0	0.0	0.0	0.0	0.0	0.0	0.0	0.0	1.0	0.0	0.0	0.0	0.0	0.0	0.0	0.0
G4G3763_S7	0	0.0	0.0	0	0	0.0	0.0	0	0.0	0	0	0	0	0.0	0.0	0.0	0.0	0	0	0	0	0.0	0.0	0	0	0	0	0	0	0.0	0	0	0	0	0	0.0	0.0	0.0	0	0	0.0	0	0	0	0.0	0.0	0.0	0	0	0	0	0	0	0	0.0	0.0	0	0.0	0	0.0	0	0.0	0	0	0.0	0	0.0	0	0	0	0.0	0	0	0.0	0.0	0	0.0	0.0	0	0	0	0	0	0.0	0	0	0	0.0	0	0.0	0	0	0.0	0	0	0	0	0	0.0	0	0	0	0.0	0	0.0	0	0	0	0	0.0	0	0	0.0	0	0	0	0.0	0	0	0	0	0	0	0	0.0	0	0	0	0	0.0	0	0.0	0	0	0.0	0	0	0	0	0	0.0	0	0	0	0	0	0	0	0	0	0.0	0	0	0.0	0	0	0	0	0	0	0.0	0	0	0	0	0	0	0.0	0	0	0	0	0	0	0	0	0	0	0	0	0	0	0	0	0	0.0	0	0	0	0	0	0	0	0	0
G4G3772_S78	1093.0	716.0	25.0	1287.0	491.0	141.0	45.0	58.0	0.0	332.0	94.0	104.0	0.0	32.0	0.0	0.0	0.0	0.0	424.0	30.0	189.0	0.0	0.0	6.0	0.0	0.0	180.0	27.0	13.0	2.0	0.0	6.0	0.0	41.0	153.0	109.0	28.0	0.0	0.0	68.0	357.0	0.0	72.0	0.0	0.0	22.0	20.0	0.0	0.0	13.0	68.0	40.0	0.0	0.0	0.0	0.0	29.0	28.0	0.0	8.0	8.0	5.0	0.0	0.0	0.0	25.0	0.0	0.0	0.0	0.0	0.0	0.0	21.0	0.0	0.0	0.0	0.0	0.0	0.0	3.0	0.0	5.0	0.0	0.0	0.0	18.0	113.0	0.0	0.0	0.0	0.0	0.0	3.0	0.0	0.0	0.0	0.0	0.0	0.0	0.0	0.0	4.0	0.0	0.0	22.0	0.0	0.0	0.0	0.0	0.0	0.0	0.0	0.0	0.0	33.0	0.0	0.0	0.0	0.0	0.0	0.0	0.0	0.0	73.0	0.0	0.0	0.0	0.0	0.0	0.0	0.0	0.0	0.0	0.0	0.0	0.0	0.0	0.0	0.0	0.0	0.0	0.0	0.0	0.0	0.0	0.0	0.0	0.0	0.0	0.0	0.0	0.0	0.0	0.0	0.0	0.0	0.0	0.0	0.0	0.0	0.0	0.0	0.0	0.0	0.0	0.0	8.0	0.0	0.0	0.0	0.0	0.0	0.0	0.0	0.0	0.0	0.0	0.0	0.0	0.0	0.0	0.0	0.0	0.0	0.0	0.0	0.0	0.0	0.0	0.0	0.0	0.0	0.0	0.0	0.0
G4G3773_S91	663.0	616.0	341.0	0.0	277.0	267.0	176.0	210.0	0.0	0.0	572.0	251.0	552.0	0.0	311.0	0.0	0.0	0.0	208.0	106.0	151.0	0.0	0.0	98.0	0.0	0.0	95.0	101.0	109.0	75.0	77.0	103.0	106.0	0.0	87.0	54.0	152.0	0.0	0.0	45.0	0.0	144.0	47.0	0.0	95.0	48.0	39.0	49.0	0.0	24.0	59.0	37.0	75.0	0.0	0.0	0.0	21.0	19.0	0.0	11.0	0.0	37.0	37.0	0.0	0.0	24.0	17.0	0.0	0.0	0.0	0.0	0.0	19.0	0.0	0.0	0.0	9.0	11.0	0.0	5.0	0.0	12.0	14.0	14.0	0.0	21.0	0.0	0.0	16.0	5.0	0.0	0.0	0.0	0.0	0.0	0.0	13.0	0.0	0.0	0.0	0.0	0.0	0.0	0.0	19.0	0.0	3.0	0.0	0.0	0.0	0.0	0.0	0.0	0.0	7.0	0.0	0.0	0.0	0.0	0.0	0.0	6.0	0.0	0.0	0.0	0.0	0.0	0.0	0.0	0.0	0.0	0.0	0.0	0.0	0.0	0.0	0.0	0.0	0.0	0.0	0.0	0.0	0.0	0.0	0.0	0.0	0.0	0.0	0.0	0.0	0.0	0.0	0.0	0.0	0.0	0.0	0.0	0.0	0.0	0.0	0.0	0.0	0.0	0.0	0.0	0.0	0.0	0.0	0.0	0.0	0.0	0.0	0.0	0.0	0.0	0.0	0.0	0.0	0.0	0.0	0.0	0.0	0.0	0.0	0.0	0.0	0.0	0.0	0.0	0.0	0.0	0.0	0.0	0.0	0.0
G4G3775_S20	71.0	769.0	10.0	0.0	182.0	75.0	12.0	220.0	0.0	0.0	0.0	0.0	1235.0	0.0	43.0	0.0	0.0	554.0	0.0	5.0	87.0	0.0	0.0	0.0	0.0	0.0	317.0	10.0	96.0	137.0	24.0	13.0	0.0	0.0	27.0	0.0	32.0	0.0	0.0	64.0	0.0	4.0	32.0	371.0	0.0	5.0	29.0	28.0	12.0	0.0	0.0	5.0	29.0	0.0	0.0	0.0	0.0	0.0	0.0	6.0	2.0	37.0	0.0	0.0	0.0	0.0	0.0	0.0	12.0	20.0	0.0	0.0	4.0	0.0	0.0	0.0	0.0	0.0	15.0	0.0	0.0	0.0	0.0	0.0	0.0	0.0	0.0	0.0	0.0	0.0	0.0	0.0	0.0	0.0	0.0	0.0	15.0	0.0	0.0	0.0	0.0	0.0	0.0	0.0	0.0	0.0	0.0	0.0	0.0	0.0	0.0	0.0	0.0	0.0	0.0	0.0	0.0	0.0	0.0	0.0	0.0	0.0	0.0	0.0	0.0	0.0	0.0	0.0	0.0	0.0	0.0	0.0	0.0	0.0	0.0	0.0	0.0	0.0	0.0	0.0	0.0	0.0	0.0	0.0	0.0	0.0	0.0	0.0	0.0	0.0	15.0	0.0	0.0	0.0	0.0	0.0	0.0	0.0	0.0	0.0	0.0	0.0	0.0	0.0	0.0	0.0	0.0	0.0	0.0	0.0	0.0	0.0	0.0	0.0	0.0	0.0	0.0	0.0	0.0	0.0	0.0	0.0	0.0	0.0	0.0	0.0	0.0	0.0	0.0	0.0	0.0	0.0	0.0	0.0	0.0
G4G3776_S54	238.0	372.0	140.0	450.0	150.0	198.0	78.0	213.0	0.0	0.0	0.0	0.0	0.0	0.0	217.0	235.0	0.0	0.0	180.0	24.0	95.0	669.0	0.0	34.0	0.0	613.0	54.0	81.0	22.0	42.0	49.0	32.0	40.0	0.0	82.0	43.0	0.0	90.0	61.0	33.0	0.0	57.0	48.0	0.0	68.0	35.0	34.0	0.0	0.0	19.0	33.0	13.0	0.0	0.0	16.0	0.0	12.0	15.0	41.0	19.0	0.0	17.0	23.0	9.0	0.0	15.0	5.0	0.0	11.0	0.0	0.0	32.0	0.0	0.0	0.0	0.0	4.0	0.0	0.0	5.0	0.0	0.0	10.0	0.0	0.0	0.0	0.0	0.0	0.0	0.0	0.0	0.0	6.0	0.0	0.0	0.0	0.0	0.0	0.0	0.0	0.0	0.0	0.0	0.0	0.0	0.0	0.0	0.0	0.0	0.0	0.0	0.0	0.0	0.0	0.0	0.0	0.0	0.0	0.0	0.0	0.0	0.0	0.0	0.0	0.0	0.0	0.0	0.0	0.0	0.0	0.0	0.0	0.0	0.0	0.0	0.0	0.0	0.0	0.0	0.0	0.0	0.0	0.0	0.0	0.0	0.0	0.0	0.0	0.0	0.0	0.0	0.0	0.0	0.0	0.0	0.0	0.0	0.0	0.0	0.0	0.0	0.0	0.0	0.0	0.0	0.0	0.0	0.0	0.0	0.0	0.0	0.0	0.0	0.0	0.0	0.0	0.0	0.0	0.0	0.0	0.0	0.0	0.0	0.0	0.0	0.0	0.0	0.0	0.0	0.0	0.0	0.0	0.0	0.0	0.0
G4G3778_S67	323.0	296.0	132.0	175.0	172.0	98.0	141.0	142.0	0.0	346.0	0.0	84.0	38.0	152.0	0.0	192.0	0.0	318.0	57.0	44.0	42.0	60.0	0.0	58.0	0.0	0.0	28.0	63.0	27.0	16.0	42.0	29.0	38.0	66.0	26.0	40.0	0.0	34.0	25.0	23.0	0.0	0.0	50.0	0.0	32.0	13.0	6.0	0.0	0.0	23.0	10.0	15.0	0.0	19.0	0.0	0.0	13.0	17.0	0.0	18.0	35.0	10.0	0.0	13.0	0.0	9.0	0.0	0.0	0.0	0.0	0.0	0.0	10.0	15.0	0.0	0.0	0.0	8.0	0.0	0.0	0.0	5.0	0.0	6.0	0.0	0.0	0.0	0.0	0.0	5.0	0.0	0.0	0.0	0.0	0.0	0.0	8.0	0.0	0.0	0.0	0.0	0.0	0.0	0.0	0.0	0.0	0.0	0.0	0.0	0.0	0.0	0.0	0.0	0.0	0.0	0.0	0.0	0.0	0.0	0.0	0.0	0.0	0.0	0.0	0.0	0.0	0.0	0.0	0.0	0.0	0.0	13.0	0.0	0.0	0.0	0.0	0.0	0.0	0.0	0.0	0.0	0.0	0.0	0.0	0.0	0.0	0.0	0.0	0.0	0.0	0.0	0.0	0.0	0.0	0.0	0.0	0.0	0.0	0.0	0.0	0.0	0.0	0.0	0.0	0.0	0.0	0.0	0.0	0.0	0.0	0.0	0.0	0.0	0.0	0.0	0.0	0.0	0.0	0.0	0.0	0.0	0.0	0.0	0.0	0.0	0.0	0.0	0.0	0.0	0.0	0.0	0.0	0.0	0.0	0.0
G4G3782_S89	312.0	433.0	209.0	0.0	206.0	161.0	73.0	180.0	0.0	0.0	451.0	225.0	643.0	0.0	99.0	0.0	0.0	0.0	143.0	41.0	93.0	0.0	0.0	57.0	0.0	0.0	56.0	41.0	83.0	26.0	76.0	48.0	56.0	81.0	89.0	42.0	70.0	0.0	0.0	27.0	0.0	0.0	42.0	0.0	70.0	32.0	30.0	32.0	0.0	23.0	57.0	17.0	55.0	0.0	0.0	0.0	24.0	16.0	0.0	14.0	0.0	25.0	12.0	15.0	0.0	10.0	6.0	0.0	0.0	0.0	0.0	0.0	13.0	0.0	0.0	0.0	0.0	6.0	0.0	11.0	0.0	3.0	7.0	7.0	0.0	0.0	0.0	0.0	19.0	0.0	0.0	0.0	0.0	0.0	0.0	0.0	5.0	0.0	0.0	0.0	4.0	0.0	0.0	0.0	24.0	0.0	0.0	0.0	0.0	0.0	0.0	0.0	0.0	0.0	6.0	0.0	0.0	0.0	0.0	0.0	0.0	0.0	0.0	0.0	0.0	0.0	0.0	0.0	0.0	0.0	0.0	0.0	0.0	0.0	0.0	0.0	0.0	0.0	0.0	0.0	0.0	0.0	0.0	0.0	0.0	0.0	0.0	0.0	0.0	0.0	0.0	0.0	0.0	0.0	0.0	0.0	0.0	0.0	0.0	0.0	0.0	0.0	10.0	0.0	0.0	0.0	0.0	0.0	0.0	0.0	0.0	0.0	0.0	0.0	0.0	0.0	0.0	0.0	0.0	0.0	0.0	0.0	0.0	0.0	0.0	0.0	0.0	0.0	0.0	0.0	0.0	0.0	0.0	0.0	0.0
G4G3783_S68	353.0	351.0	221.0	305.0	170.0	178.0	47.0	109.0	0.0	0.0	0.0	140.0	0.0	0.0	110.0	0.0	418.0	219.0	121.0	57.0	55.0	0.0	0.0	46.0	0.0	0.0	60.0	54.0	39.0	25.0	52.0	29.0	26.0	100.0	45.0	55.0	72.0	0.0	0.0	16.0	0.0	0.0	32.0	0.0	0.0	30.0	21.0	22.0	0.0	18.0	42.0	19.0	49.0	0.0	0.0	0.0	22.0	20.0	0.0	7.0	30.0	16.0	0.0	7.0	0.0	9.0	0.0	0.0	5.0	0.0	0.0	0.0	14.0	0.0	0.0	0.0	0.0	11.0	0.0	0.0	0.0	4.0	8.0	7.0	0.0	0.0	0.0	0.0	0.0	6.0	6.0	0.0	0.0	0.0	0.0	0.0	0.0	0.0	0.0	0.0	0.0	0.0	0.0	0.0	0.0	0.0	0.0	0.0	0.0	0.0	0.0	0.0	0.0	0.0	0.0	0.0	0.0	0.0	0.0	0.0	0.0	0.0	0.0	0.0	0.0	0.0	0.0	0.0	0.0	0.0	0.0	0.0	0.0	0.0	0.0	0.0	0.0	0.0	0.0	0.0	0.0	0.0	0.0	0.0	0.0	0.0	0.0	0.0	0.0	0.0	0.0	0.0	0.0	0.0	0.0	0.0	0.0	0.0	0.0	0.0	0.0	0.0	0.0	0.0	0.0	0.0	0.0	0.0	0.0	0.0	0.0	0.0	0.0	0.0	0.0	0.0	0.0	0.0	0.0	0.0	0.0	0.0	0.0	0.0	0.0	0.0	0.0	0.0	0.0	0.0	0.0	0.0	0.0	0.0	0.0
G4G3787_S19	894.0	741.0	492.0	0.0	418.0	500.0	236.0	470.0	0.0	0.0	607.0	339.0	581.0	0.0	478.0	0.0	0.0	0.0	375.0	123.0	147.0	0.0	0.0	321.0	0.0	0.0	156.0	185.0	73.0	72.0	63.0	68.0	0.0	0.0	74.0	85.0	0.0	0.0	109.0	52.0	0.0	142.0	57.0	0.0	218.0	69.0	36.0	0.0	0.0	39.0	53.0	33.0	0.0	65.0	0.0	46.0	44.0	30.0	0.0	0.0	0.0	0.0	54.0	0.0	0.0	25.0	18.0	0.0	28.0	211.0	0.0	0.0	28.0	0.0	0.0	0.0	7.0	25.0	0.0	13.0	0.0	9.0	0.0	14.0	0.0	37.0	0.0	0.0	0.0	9.0	7.0	10.0	7.0	0.0	0.0	0.0	0.0	0.0	0.0	0.0	0.0	0.0	0.0	0.0	0.0	0.0	0.0	0.0	0.0	0.0	0.0	0.0	0.0	0.0	0.0	0.0	0.0	0.0	0.0	0.0	0.0	0.0	0.0	0.0	0.0	0.0	0.0	0.0	0.0	0.0	0.0	0.0	0.0	0.0	0.0	0.0	0.0	0.0	0.0	0.0	0.0	0.0	0.0	0.0	0.0	0.0	0.0	0.0	0.0	0.0	0.0	0.0	0.0	0.0	0.0	0.0	0.0	0.0	0.0	0.0	0.0	0.0	0.0	0.0	0.0	0.0	0.0	0.0	0.0	0.0	0.0	0.0	0.0	0.0	0.0	0.0	0.0	0.0	0.0	0.0	0.0	0.0	0.0	0.0	0.0	0.0	0.0	0.0	0.0	0.0	0.0	0.0	0.0	0.0	0.0
G4G3790_S55	2046.0	1280.0	894.0	886.0	675.0	651.0	545.0	680.0	481.0	2137.0	0.0	515.0	0.0	1147.0	0.0	0.0	2606.0	1420.0	706.0	512.0	239.0	0.0	0.0	279.0	0.0	0.0	289.0	280.0	208.0	256.0	204.0	253.0	0.0	0.0	143.0	116.0	0.0	0.0	0.0	105.0	0.0	226.0	110.0	0.0	297.0	102.0	69.0	0.0	0.0	89.0	0.0	92.0	0.0	138.0	0.0	77.0	38.0	49.0	0.0	73.0	0.0	0.0	63.0	0.0	0.0	59.0	70.0	0.0	48.0	262.0	0.0	0.0	43.0	0.0	0.0	0.0	12.0	32.0	0.0	22.0	0.0	22.0	0.0	16.0	0.0	48.0	0.0	0.0	0.0	16.0	20.0	20.0	9.0	0.0	0.0	0.0	0.0	0.0	0.0	0.0	0.0	0.0	0.0	0.0	0.0	0.0	0.0	0.0	0.0	0.0	0.0	0.0	7.0	0.0	0.0	0.0	0.0	0.0	0.0	0.0	0.0	0.0	0.0	0.0	0.0	0.0	0.0	0.0	0.0	0.0	0.0	0.0	0.0	0.0	0.0	0.0	0.0	0.0	0.0	5.0	0.0	0.0	0.0	0.0	0.0	0.0	0.0	0.0	0.0	0.0	0.0	0.0	0.0	0.0	0.0	0.0	0.0	0.0	0.0	0.0	0.0	0.0	0.0	0.0	0.0	0.0	0.0	0.0	0.0	0.0	0.0	0.0	0.0	0.0	0.0	0.0	0.0	0.0	0.0	0.0	3.0	0.0	0.0	0.0	0.0	0.0	0.0	0.0	0.0	0.0	0.0	0.0	0.0	0.0	0.0
G4G3791_S32	0.0	163.0	35.0	0.0	19.0	74.0	15.0	44.0	0.0	0.0	0.0	63.0	0.0	0.0	17.0	0.0	28.0	149.0	34.0	6.0	27.0	0.0	0.0	8.0	0.0	0.0	7.0	15.0	6.0	0.0	0.0	4.0	0.0	7.0	35.0	39.0	10.0	7.0	0.0	32.0	0.0	0.0	13.0	0.0	10.0	14.0	13.0	14.0	0.0	0.0	12.0	4.0	0.0	0.0	3.0	0.0	0.0	0.0	0.0	0.0	7.0	7.0	0.0	0.0	0.0	7.0	7.0	0.0	0.0	0.0	0.0	0.0	0.0	0.0	0.0	0.0	0.0	0.0	0.0	0.0	0.0	0.0	0.0	0.0	0.0	0.0	14.0	0.0	0.0	0.0	0.0	0.0	0.0	0.0	0.0	34.0	0.0	0.0	0.0	0.0	0.0	0.0	0.0	0.0	0.0	0.0	0.0	0.0	0.0	0.0	0.0	0.0	0.0	0.0	0.0	3.0	0.0	0.0	0.0	0.0	0.0	0.0	0.0	9.0	0.0	0.0	0.0	0.0	0.0	0.0	46.0	0.0	0.0	0.0	0.0	0.0	0.0	0.0	0.0	0.0	0.0	0.0	0.0	0.0	0.0	0.0	0.0	0.0	0.0	0.0	0.0	0.0	0.0	0.0	0.0	0.0	0.0	0.0	0.0	0.0	0.0	0.0	0.0	0.0	0.0	0.0	0.0	0.0	0.0	0.0	0.0	0.0	5.0	0.0	0.0	0.0	0.0	0.0	0.0	0.0	0.0	0.0	0.0	0.0	0.0	0.0	0.0	0.0	0.0	0.0	0.0	0.0	0.0	0.0	0.0
G4G3793_S65	586.0	547.0	248.0	396.0	266.0	270.0	161.0	201.0	0.0	0.0	142.0	0.0	153.0	0.0	353.0	426.0	210.0	0.0	155.0	86.0	137.0	701.0	99.0	73.0	0.0	379.0	80.0	67.0	66.0	70.0	61.0	69.0	89.0	0.0	115.0	58.0	0.0	90.0	58.0	43.0	0.0	70.0	52.0	33.0	121.0	35.0	36.0	0.0	70.0	24.0	53.0	32.0	0.0	0.0	36.0	0.0	30.0	12.0	68.0	18.0	0.0	24.0	39.0	22.0	0.0	16.0	8.0	0.0	12.0	0.0	0.0	77.0	0.0	0.0	0.0	0.0	10.0	7.0	0.0	10.0	0.0	0.0	0.0	8.0	0.0	0.0	0.0	0.0	0.0	0.0	7.0	7.0	0.0	0.0	0.0	0.0	0.0	0.0	14.0	0.0	0.0	0.0	0.0	0.0	0.0	0.0	0.0	0.0	0.0	0.0	0.0	0.0	0.0	0.0	0.0	9.0	0.0	0.0	0.0	0.0	0.0	0.0	0.0	0.0	0.0	0.0	0.0	0.0	0.0	0.0	0.0	0.0	0.0	0.0	0.0	0.0	0.0	0.0	0.0	0.0	0.0	0.0	0.0	0.0	0.0	0.0	0.0	0.0	0.0	0.0	0.0	0.0	0.0	0.0	0.0	0.0	0.0	0.0	0.0	0.0	0.0	0.0	0.0	0.0	0.0	0.0	0.0	0.0	0.0	0.0	0.0	0.0	0.0	0.0	0.0	0.0	0.0	0.0	0.0	0.0	0.0	0.0	0.0	0.0	0.0	0.0	0.0	0.0	0.0	0.0	0.0	0.0	0.0	0.0	0.0
G4G3802_S90	667.0	541.0	247.0	867.0	230.0	330.0	148.0	199.0	0.0	0.0	0.0	283.0	0.0	0.0	132.0	0.0	0.0	641.0	143.0	38.0	150.0	0.0	0.0	64.0	0.0	0.0	58.0	82.0	71.0	52.0	89.0	61.0	69.0	116.0	129.0	61.0	47.0	0.0	0.0	41.0	0.0	0.0	67.0	0.0	115.0	45.0	40.0	52.0	0.0	19.0	90.0	21.0	76.0	0.0	28.0	0.0	22.0	11.0	0.0	12.0	29.0	32.0	0.0	23.0	0.0	12.0	18.0	0.0	7.0	0.0	0.0	0.0	0.0	0.0	0.0	0.0	7.0	5.0	0.0	13.0	0.0	10.0	7.0	3.0	0.0	0.0	0.0	0.0	45.0	6.0	0.0	0.0	3.0	0.0	0.0	0.0	8.0	0.0	0.0	0.0	2.0	0.0	0.0	0.0	0.0	0.0	0.0	0.0	0.0	0.0	0.0	0.0	0.0	0.0	0.0	19.0	0.0	0.0	0.0	0.0	0.0	0.0	0.0	0.0	0.0	0.0	0.0	0.0	0.0	0.0	0.0	0.0	0.0	0.0	0.0	0.0	0.0	0.0	0.0	0.0	0.0	0.0	0.0	0.0	0.0	0.0	0.0	0.0	0.0	0.0	0.0	0.0	0.0	0.0	0.0	0.0	0.0	0.0	0.0	0.0	0.0	0.0	0.0	0.0	0.0	0.0	0.0	0.0	0.0	0.0	0.0	0.0	0.0	0.0	0.0	0.0	0.0	0.0	0.0	0.0	0.0	0.0	0.0	0.0	0.0	0.0	0.0	0.0	0.0	0.0	0.0	0.0	0.0	0.0	0.0
G4G3803_S8	1062.0	2342.0	581.0	0.0	572.0	757.0	504.0	395.0	581.0	0.0	960.0	679.0	0.0	0.0	518.0	0.0	0.0	0.0	410.0	310.0	357.0	1995.0	0.0	355.0	0.0	0.0	242.0	180.0	268.0	330.0	394.0	105.0	171.0	0.0	111.0	153.0	138.0	0.0	205.0	174.0	0.0	208.0	219.0	0.0	227.0	60.0	75.0	0.0	0.0	20.0	222.0	91.0	0.0	0.0	45.0	0.0	29.0	43.0	108.0	0.0	57.0	99.0	0.0	20.0	0.0	50.0	34.0	0.0	0.0	0.0	131.0	104.0	0.0	0.0	0.0	0.0	12.0	40.0	0.0	10.0	0.0	15.0	0.0	7.0	0.0	0.0	0.0	0.0	65.0	13.0	0.0	19.0	6.0	0.0	0.0	0.0	8.0	15.0	0.0	0.0	0.0	0.0	0.0	0.0	0.0	0.0	0.0	0.0	6.0	0.0	0.0	0.0	0.0	27.0	0.0	0.0	0.0	0.0	0.0	0.0	0.0	0.0	0.0	0.0	0.0	0.0	0.0	0.0	0.0	0.0	0.0	0.0	0.0	0.0	0.0	0.0	0.0	0.0	0.0	0.0	0.0	0.0	0.0	0.0	0.0	0.0	0.0	0.0	0.0	0.0	0.0	0.0	0.0	0.0	0.0	0.0	0.0	0.0	0.0	0.0	0.0	0.0	0.0	0.0	0.0	0.0	0.0	0.0	0.0	0.0	0.0	0.0	0.0	0.0	0.0	0.0	0.0	0.0	0.0	0.0	0.0	0.0	0.0	0.0	0.0	0.0	0.0	0.0	0.0	0.0	0.0	0.0	0.0	0.0	0.0
G4G3807_S30	374.0	362.0	146.0	0.0	248.0	188.0	114.0	249.0	0.0	0.0	257.0	213.0	0.0	0.0	116.0	0.0	0.0	0.0	133.0	35.0	94.0	513.0	0.0	56.0	0.0	0.0	53.0	63.0	37.0	57.0	53.0	39.0	38.0	0.0	90.0	36.0	27.0	0.0	57.0	22.0	0.0	17.0	76.0	0.0	57.0	29.0	53.0	0.0	0.0	31.0	28.0	24.0	0.0	0.0	16.0	0.0	13.0	9.0	61.0	9.0	17.0	17.0	0.0	15.0	0.0	9.0	9.0	0.0	8.0	0.0	0.0	78.0	0.0	0.0	0.0	0.0	5.0	5.0	0.0	6.0	0.0	7.0	0.0	5.0	0.0	0.0	0.0	0.0	29.0	0.0	0.0	5.0	0.0	0.0	0.0	0.0	9.0	0.0	0.0	0.0	0.0	0.0	0.0	0.0	0.0	0.0	0.0	0.0	0.0	0.0	0.0	0.0	0.0	0.0	0.0	11.0	0.0	0.0	0.0	0.0	0.0	0.0	0.0	0.0	0.0	0.0	0.0	0.0	0.0	0.0	0.0	0.0	0.0	0.0	0.0	0.0	0.0	0.0	0.0	0.0	0.0	0.0	0.0	0.0	0.0	0.0	0.0	0.0	0.0	0.0	0.0	0.0	0.0	0.0	0.0	0.0	0.0	0.0	0.0	0.0	0.0	0.0	0.0	0.0	0.0	0.0	0.0	0.0	0.0	0.0	0.0	0.0	0.0	0.0	0.0	0.0	0.0	0.0	0.0	0.0	0.0	0.0	0.0	0.0	0.0	0.0	0.0	0.0	0.0	0.0	0.0	0.0	0.0	0.0	0.0
G4G3811_S77	16.0	0.0	0.0	0.0	0.0	0.0	0.0	6.0	0.0	0.0	10.0	0.0	0.0	0.0	0.0	0.0	0.0	0.0	0.0	0.0	0.0	0.0	0.0	0.0	0.0	0.0	0.0	0.0	0.0	0.0	0.0	0.0	0.0	0.0	0.0	0.0	0.0	0.0	0.0	0.0	0.0	0.0	0.0	0.0	0.0	0.0	10.0	0.0	0.0	0.0	0.0	0.0	0.0	0.0	0.0	0.0	0.0	3.0	0.0	0.0	0.0	0.0	0.0	0.0	0.0	0.0	0.0	0.0	0.0	12.0	0.0	0.0	0.0	0.0	1612.0	0.0	0.0	0.0	0.0	0.0	0.0	0.0	0.0	0.0	0.0	0.0	0.0	0.0	0.0	0.0	0.0	0.0	0.0	0.0	0.0	0.0	0.0	0.0	0.0	0.0	0.0	0.0	0.0	0.0	0.0	0.0	0.0	0.0	0.0	0.0	0.0	0.0	0.0	0.0	0.0	0.0	0.0	0.0	0.0	0.0	0.0	0.0	0.0	0.0	0.0	0.0	0.0	0.0	0.0	0.0	0.0	0.0	0.0	0.0	0.0	0.0	0.0	0.0	0.0	0.0	0.0	0.0	0.0	0.0	0.0	0.0	0.0	0.0	0.0	0.0	0.0	0.0	0.0	0.0	0.0	0.0	0.0	0.0	0.0	0.0	0.0	0.0	0.0	0.0	0.0	0.0	0.0	0.0	0.0	0.0	0.0	0.0	0.0	0.0	0.0	0.0	0.0	0.0	0.0	0.0	0.0	0.0	0.0	0.0	0.0	0.0	0.0	0.0	0.0	0.0	0.0	0.0	0.0	0.0	0.0
G4G3817_S18	3490.0	3509.0	1830.0	0.0	1728.0	1441.0	963.0	1129.0	982.0	4491.0	2418.0	0.0	2422.0	1463.0	0.0	0.0	0.0	0.0	827.0	618.0	598.0	0.0	1701.0	489.0	0.0	0.0	440.0	547.0	517.0	310.0	425.0	457.0	538.0	820.0	294.0	383.0	0.0	601.0	507.0	244.0	0.0	0.0	156.0	1090.0	0.0	247.0	145.0	214.0	0.0	246.0	0.0	161.0	408.0	0.0	0.0	264.0	132.0	123.0	268.0	112.0	244.0	0.0	0.0	73.0	394.0	0.0	122.0	141.0	0.0	0.0	0.0	0.0	103.0	0.0	0.0	0.0	50.0	0.0	0.0	39.0	0.0	44.0	66.0	25.0	0.0	0.0	0.0	83.0	0.0	21.0	45.0	55.0	13.0	0.0	0.0	0.0	0.0	0.0	0.0	0.0	0.0	0.0	15.0	0.0	0.0	0.0	0.0	0.0	0.0	0.0	0.0	0.0	0.0	0.0	0.0	0.0	0.0	0.0	0.0	0.0	0.0	12.0	0.0	0.0	0.0	0.0	0.0	0.0	0.0	0.0	0.0	0.0	0.0	0.0	0.0	0.0	0.0	0.0	0.0	0.0	0.0	0.0	0.0	0.0	14.0	0.0	0.0	0.0	0.0	0.0	0.0	0.0	0.0	0.0	0.0	0.0	0.0	0.0	0.0	0.0	0.0	0.0	0.0	0.0	0.0	0.0	0.0	0.0	0.0	0.0	0.0	0.0	0.0	0.0	0.0	0.0	0.0	0.0	0.0	0.0	0.0	0.0	0.0	0.0	0.0	0.0	0.0	0.0	0.0	1.0	0.0	0.0	0.0	0.0	0.0
G4G3825_S31	676.0	545.0	352.0	167.0	206.0	327.0	143.0	367.0	0.0	0.0	305.0	202.0	355.0	150.0	121.0	469.0	0.0	236.0	216.0	104.0	136.0	0.0	0.0	95.0	0.0	0.0	73.0	88.0	52.0	89.0	73.0	62.0	0.0	83.0	97.0	63.0	164.0	142.0	0.0	41.0	0.0	0.0	74.0	0.0	88.0	41.0	54.0	44.0	0.0	24.0	0.0	43.0	0.0	0.0	20.0	0.0	27.0	19.0	86.0	28.0	0.0	36.0	23.0	0.0	0.0	17.0	15.0	0.0	0.0	64.0	0.0	94.0	7.0	0.0	0.0	0.0	0.0	8.0	0.0	0.0	0.0	8.0	9.0	5.0	0.0	19.0	0.0	0.0	0.0	0.0	0.0	0.0	0.0	0.0	0.0	0.0	0.0	0.0	0.0	0.0	0.0	0.0	0.0	0.0	0.0	0.0	0.0	0.0	0.0	0.0	0.0	0.0	0.0	0.0	0.0	0.0	0.0	0.0	8.0	0.0	0.0	0.0	0.0	0.0	0.0	0.0	0.0	0.0	0.0	0.0	0.0	0.0	0.0	0.0	0.0	0.0	0.0	0.0	0.0	0.0	0.0	0.0	0.0	0.0	0.0	0.0	0.0	0.0	0.0	0.0	0.0	0.0	0.0	0.0	0.0	0.0	0.0	0.0	0.0	0.0	0.0	0.0	0.0	0.0	0.0	0.0	0.0	0.0	0.0	0.0	0.0	0.0	0.0	0.0	0.0	0.0	0.0	0.0	0.0	0.0	0.0	0.0	0.0	0.0	0.0	0.0	0.0	0.0	0.0	0.0	0.0	0.0	0.0	0.0	0.0
G4G3839_S44	2341.0	1138.0	1051.0	952.0	486.0	676.0	691.0	579.0	503.0	2134.0	0.0	466.0	0.0	0.0	1068.0	1296.0	0.0	1502.0	457.0	293.0	281.0	0.0	0.0	269.0	0.0	0.0	358.0	265.0	176.0	335.0	195.0	243.0	345.0	351.0	123.0	117.0	735.0	0.0	213.0	167.0	0.0	0.0	120.0	0.0	0.0	78.0	75.0	102.0	0.0	109.0	0.0	103.0	0.0	183.0	0.0	63.0	73.0	44.0	0.0	58.0	0.0	0.0	98.0	49.0	0.0	0.0	0.0	116.0	55.0	0.0	122.0	0.0	0.0	241.0	0.0	0.0	19.0	0.0	0.0	9.0	0.0	23.0	0.0	16.0	0.0	0.0	0.0	32.0	0.0	0.0	0.0	0.0	15.0	0.0	0.0	0.0	31.0	29.0	0.0	0.0	17.0	0.0	0.0	0.0	0.0	0.0	0.0	0.0	0.0	0.0	0.0	0.0	8.0	0.0	0.0	0.0	0.0	0.0	0.0	0.0	0.0	6.0	0.0	0.0	0.0	0.0	0.0	0.0	0.0	0.0	0.0	0.0	0.0	0.0	0.0	0.0	0.0	0.0	0.0	0.0	0.0	0.0	0.0	0.0	0.0	0.0	0.0	0.0	0.0	0.0	0.0	0.0	0.0	0.0	0.0	0.0	0.0	0.0	0.0	0.0	0.0	0.0	0.0	0.0	0.0	0.0	0.0	0.0	0.0	0.0	0.0	0.0	0.0	0.0	0.0	0.0	0.0	0.0	0.0	0.0	0.0	0.0	0.0	0.0	0.0	0.0	0.0	0.0	0.0	0.0	0.0	0.0	0.0	0.0	0.0
G4G3842_S95	945.0	731.0	375.0	609.0	338.0	319.0	230.0	273.0	298.0	0.0	0.0	289.0	0.0	551.0	0.0	0.0	0.0	722.0	283.0	133.0	180.0	0.0	0.0	113.0	1131.0	0.0	129.0	140.0	119.0	77.0	111.0	116.0	0.0	0.0	104.0	92.0	261.0	0.0	121.0	61.0	0.0	186.0	71.0	0.0	0.0	68.0	38.0	52.0	0.0	43.0	56.0	45.0	0.0	98.0	0.0	48.0	32.0	35.0	0.0	22.0	0.0	0.0	38.0	35.0	115.0	28.0	0.0	0.0	0.0	138.0	0.0	0.0	24.0	0.0	0.0	0.0	0.0	0.0	0.0	8.0	0.0	11.0	17.0	6.0	0.0	0.0	0.0	0.0	0.0	0.0	15.0	0.0	8.0	0.0	0.0	0.0	0.0	0.0	0.0	32.0	0.0	0.0	0.0	0.0	0.0	0.0	0.0	0.0	0.0	0.0	0.0	0.0	6.0	0.0	0.0	0.0	0.0	0.0	0.0	0.0	0.0	0.0	0.0	0.0	0.0	0.0	0.0	0.0	0.0	0.0	0.0	0.0	0.0	0.0	0.0	0.0	0.0	0.0	0.0	0.0	0.0	0.0	0.0	0.0	0.0	0.0	0.0	0.0	0.0	0.0	0.0	0.0	0.0	0.0	0.0	0.0	0.0	0.0	0.0	0.0	10.0	0.0	0.0	0.0	0.0	0.0	0.0	0.0	0.0	0.0	0.0	0.0	0.0	0.0	0.0	0.0	0.0	0.0	0.0	0.0	0.0	0.0	0.0	0.0	2.0	0.0	0.0	0.0	0.0	0.0	0.0	0.0	0.0	0.0	0.0
G4G3845_S23	233.0	170.0	3.0	0.0	97.0	96.0	0.0	127.0	0.0	0.0	151.0	51.0	0.0	0.0	44.0	0.0	0.0	0.0	49.0	46.0	35.0	146.0	0.0	61.0	0.0	0.0	31.0	0.0	25.0	3.0	6.0	7.0	14.0	0.0	28.0	6.0	71.0	0.0	15.0	17.0	0.0	14.0	48.0	0.0	20.0	3.0	19.0	0.0	0.0	23.0	9.0	32.0	0.0	0.0	4.0	0.0	0.0	38.0	17.0	4.0	9.0	20.0	0.0	8.0	0.0	0.0	0.0	0.0	0.0	0.0	0.0	16.0	0.0	0.0	0.0	0.0	5.0	3.0	0.0	0.0	0.0	3.0	0.0	0.0	0.0	0.0	0.0	0.0	21.0	0.0	0.0	0.0	0.0	0.0	0.0	0.0	8.0	0.0	0.0	0.0	0.0	0.0	0.0	0.0	0.0	0.0	0.0	0.0	0.0	0.0	0.0	0.0	0.0	0.0	0.0	0.0	0.0	0.0	0.0	0.0	0.0	0.0	0.0	0.0	0.0	0.0	0.0	0.0	0.0	0.0	0.0	0.0	0.0	0.0	0.0	0.0	0.0	0.0	0.0	0.0	0.0	0.0	0.0	0.0	0.0	0.0	0.0	20.0	0.0	0.0	0.0	0.0	0.0	0.0	0.0	0.0	0.0	0.0	0.0	0.0	0.0	0.0	0.0	0.0	0.0	0.0	0.0	0.0	0.0	0.0	0.0	0.0	0.0	0.0	0.0	0.0	0.0	0.0	0.0	0.0	0.0	0.0	0.0	0.0	0.0	0.0	0.0	0.0	0.0	0.0	0.0	0.0	0.0	0.0	0.0
G4G3855_S72	4434.0	7727.0	4749.0	0.0	1530.0	2714.0	3371.0	697.0	3584.0	5984.0	2090.0	0.0	4538.0	992.0	0.0	0.0	0.0	0.0	707.0	1595.0	1865.0	0.0	4002.0	1046.0	0.0	0.0	770.0	901.0	773.0	1173.0	748.0	547.0	668.0	1044.0	361.0	615.0	0.0	2150.0	789.0	603.0	0.0	0.0	259.0	1791.0	0.0	260.0	387.0	266.0	0.0	149.0	0.0	179.0	332.0	0.0	0.0	459.0	153.0	269.0	337.0	226.0	394.0	0.0	0.0	161.0	1166.0	0.0	147.0	154.0	180.0	0.0	0.0	0.0	67.0	0.0	0.0	0.0	125.0	0.0	0.0	84.0	227.0	77.0	78.0	89.0	0.0	0.0	0.0	154.0	0.0	78.0	55.0	83.0	67.0	0.0	0.0	0.0	0.0	0.0	0.0	0.0	0.0	0.0	31.0	0.0	0.0	0.0	0.0	0.0	0.0	0.0	0.0	0.0	0.0	0.0	0.0	0.0	0.0	0.0	0.0	0.0	0.0	23.0	0.0	0.0	0.0	0.0	0.0	0.0	0.0	0.0	0.0	0.0	0.0	0.0	0.0	0.0	0.0	0.0	28.0	0.0	0.0	0.0	0.0	0.0	0.0	0.0	0.0	0.0	0.0	0.0	0.0	0.0	0.0	0.0	0.0	0.0	0.0	0.0	0.0	0.0	0.0	0.0	0.0	0.0	0.0	0.0	0.0	0.0	0.0	0.0	0.0	0.0	0.0	0.0	0.0	0.0	0.0	3.0	0.0	0.0	0.0	0.0	0.0	0.0	0.0	0.0	0.0	0.0	0.0	0.0	1.0	0.0	0.0	0.0	0.0
G4G3860_S48	5450.0	5968.0	9942.0	849.0	1162.0	1391.0	2782.0	731.0	2782.0	0.0	2202.0	1016.0	0.0	3490.0	0.0	1908.0	3857.0	0.0	2339.0	2666.0	1319.0	0.0	0.0	2127.0	0.0	0.0	1301.0	633.0	676.0	755.0	1162.0	663.0	792.0	879.0	113.0	705.0	0.0	0.0	485.0	484.0	0.0	0.0	87.0	0.0	0.0	155.0	102.0	178.0	0.0	423.0	77.0	162.0	284.0	0.0	0.0	197.0	88.0	218.0	0.0	193.0	0.0	0.0	210.0	342.0	0.0	215.0	0.0	304.0	391.0	0.0	0.0	0.0	79.0	0.0	0.0	0.0	40.0	0.0	0.0	44.0	431.0	70.0	116.0	115.0	0.0	0.0	0.0	110.0	0.0	32.0	21.0	0.0	33.0	0.0	0.0	0.0	0.0	0.0	0.0	0.0	0.0	0.0	28.0	0.0	0.0	0.0	0.0	0.0	28.0	0.0	0.0	0.0	0.0	0.0	0.0	0.0	0.0	46.0	0.0	0.0	0.0	0.0	0.0	0.0	81.0	0.0	0.0	0.0	0.0	0.0	0.0	0.0	0.0	0.0	0.0	0.0	0.0	0.0	0.0	0.0	0.0	0.0	0.0	0.0	0.0	0.0	0.0	0.0	0.0	0.0	0.0	0.0	15.0	0.0	0.0	0.0	0.0	0.0	0.0	0.0	0.0	0.0	0.0	0.0	0.0	0.0	0.0	0.0	0.0	0.0	0.0	0.0	0.0	0.0	0.0	0.0	0.0	0.0	0.0	0.0	0.0	0.0	0.0	0.0	0.0	0.0	0.0	0.0	0.0	0.0	0.0	0.0	0.0	0.0	0.0
G4G3864_S96	992.0	788.0	209.0	2481.0	984.0	328.0	607.0	1280.0	259.0	0.0	0.0	4749.0	0.0	85.0	0.0	0.0	524.0	1942.0	365.0	331.0	436.0	0.0	506.0	78.0	433.0	0.0	155.0	173.0	233.0	318.0	216.0	190.0	0.0	182.0	422.0	23.0	135.0	0.0	0.0	65.0	0.0	0.0	301.0	0.0	0.0	39.0	62.0	142.0	0.0	26.0	0.0	166.0	132.0	0.0	110.0	0.0	59.0	39.0	0.0	84.0	128.0	179.0	0.0	108.0	0.0	60.0	83.0	0.0	0.0	62.0	115.0	0.0	33.0	0.0	0.0	0.0	13.0	26.0	0.0	44.0	0.0	33.0	33.0	7.0	0.0	0.0	0.0	0.0	58.0	14.0	31.0	0.0	3.0	0.0	0.0	0.0	0.0	0.0	0.0	0.0	9.0	0.0	0.0	0.0	0.0	0.0	0.0	0.0	0.0	0.0	0.0	0.0	24.0	0.0	0.0	0.0	6.0	0.0	0.0	0.0	0.0	0.0	0.0	0.0	0.0	0.0	0.0	0.0	0.0	0.0	0.0	0.0	0.0	0.0	0.0	0.0	0.0	0.0	0.0	0.0	0.0	0.0	0.0	14.0	0.0	9.0	0.0	0.0	0.0	0.0	0.0	0.0	0.0	0.0	0.0	6.0	0.0	0.0	0.0	0.0	0.0	0.0	0.0	0.0	0.0	0.0	0.0	0.0	0.0	0.0	0.0	0.0	0.0	0.0	0.0	0.0	0.0	0.0	3.0	0.0	0.0	0.0	0.0	0.0	0.0	0.0	0.0	0.0	0.0	0.0	0.0	0.0	1.0	0.0	0.0
G4G3866_S84	2663.0	6735.0	3211.0	1996.0	843.0	1449.0	2234.0	165.0	3052.0	0.0	0.0	826.0	0.0	1083.0	0.0	1919.0	0.0	530.0	170.0	1012.0	902.0	0.0	0.0	485.0	4780.0	0.0	335.0	257.0	453.0	414.0	532.0	182.0	0.0	0.0	36.0	180.0	0.0	1784.0	265.0	493.0	5823.0	467.0	0.0	0.0	0.0	60.0	66.0	104.0	0.0	15.0	0.0	25.0	0.0	95.0	0.0	0.0	8.0	35.0	0.0	55.0	0.0	145.0	52.0	18.0	0.0	0.0	0.0	157.0	63.0	381.0	0.0	0.0	19.0	0.0	0.0	0.0	69.0	0.0	0.0	6.0	0.0	0.0	7.0	9.0	0.0	0.0	0.0	158.0	0.0	21.0	0.0	0.0	31.0	0.0	0.0	0.0	0.0	0.0	0.0	0.0	0.0	0.0	14.0	0.0	0.0	0.0	0.0	0.0	7.0	0.0	0.0	0.0	4.0	0.0	0.0	0.0	0.0	6.0	0.0	0.0	0.0	0.0	0.0	0.0	0.0	0.0	0.0	63.0	0.0	0.0	0.0	0.0	0.0	0.0	0.0	0.0	0.0	0.0	0.0	0.0	0.0	0.0	0.0	0.0	0.0	0.0	0.0	0.0	0.0	0.0	0.0	0.0	0.0	0.0	0.0	0.0	0.0	0.0	0.0	0.0	0.0	0.0	0.0	0.0	0.0	0.0	0.0	0.0	0.0	0.0	0.0	0.0	0.0	0.0	0.0	0.0	0.0	0.0	0.0	0.0	0.0	0.0	0.0	0.0	0.0	0.0	0.0	0.0	1.0	0.0	0.0	0.0	0.0	0.0	0.0
G4G3867_S94	569.0	0.0	116.0	393.0	177.0	137.0	71.0	80.0	0.0	0.0	380.0	93.0	0.0	0.0	98.0	257.0	0.0	0.0	0.0	45.0	79.0	0.0	0.0	27.0	0.0	0.0	32.0	72.0	48.0	42.0	0.0	58.0	29.0	59.0	41.0	34.0	0.0	0.0	25.0	0.0	0.0	0.0	18.0	0.0	0.0	19.0	15.0	17.0	120.0	17.0	33.0	17.0	0.0	21.0	38.0	50.0	19.0	8.0	0.0	0.0	0.0	0.0	13.0	0.0	0.0	10.0	0.0	0.0	5.0	0.0	0.0	0.0	0.0	0.0	0.0	0.0	0.0	12.0	24.0	0.0	0.0	6.0	14.0	0.0	0.0	3.0	32.0	0.0	0.0	4.0	0.0	7.0	0.0	0.0	0.0	0.0	0.0	0.0	0.0	14.0	0.0	0.0	0.0	0.0	0.0	24.0	0.0	0.0	0.0	0.0	0.0	0.0	0.0	0.0	0.0	0.0	0.0	0.0	0.0	0.0	0.0	0.0	0.0	0.0	0.0	0.0	0.0	0.0	0.0	0.0	0.0	0.0	0.0	0.0	0.0	0.0	0.0	0.0	0.0	0.0	0.0	0.0	0.0	0.0	0.0	0.0	0.0	0.0	0.0	0.0	0.0	0.0	0.0	0.0	0.0	0.0	0.0	0.0	0.0	0.0	0.0	0.0	0.0	0.0	0.0	0.0	0.0	0.0	0.0	0.0	0.0	0.0	0.0	0.0	0.0	0.0	0.0	0.0	0.0	0.0	0.0	0.0	0.0	0.0	0.0	0.0	0.0	0.0	0.0	0.0	0.0	0.0	0.0	0.0	0.0
G4G3872_S47	735.0	724.0	538.0	742.0	395.0	461.0	231.0	381.0	0.0	64.0	0.0	237.0	0.0	76.0	330.0	497.0	0.0	404.0	349.0	147.0	160.0	0.0	114.0	123.0	0.0	298.0	117.0	124.0	105.0	103.0	107.0	68.0	134.0	147.0	92.0	87.0	104.0	79.0	0.0	45.0	0.0	0.0	87.0	0.0	0.0	62.0	44.0	46.0	0.0	30.0	0.0	45.0	88.0	38.0	0.0	42.0	37.0	34.0	29.0	33.0	0.0	0.0	29.0	28.0	0.0	0.0	0.0	0.0	0.0	0.0	0.0	0.0	20.0	0.0	0.0	0.0	12.0	21.0	0.0	15.0	0.0	17.0	18.0	13.0	0.0	0.0	0.0	0.0	0.0	5.0	0.0	0.0	0.0	0.0	0.0	0.0	21.0	0.0	0.0	0.0	6.0	0.0	0.0	0.0	0.0	0.0	0.0	0.0	0.0	0.0	0.0	0.0	7.0	0.0	10.0	0.0	16.0	0.0	0.0	0.0	0.0	0.0	0.0	0.0	0.0	0.0	0.0	0.0	0.0	0.0	0.0	0.0	0.0	0.0	0.0	0.0	0.0	0.0	0.0	0.0	0.0	0.0	0.0	0.0	0.0	0.0	0.0	0.0	0.0	0.0	0.0	0.0	0.0	0.0	0.0	0.0	0.0	0.0	0.0	0.0	0.0	0.0	0.0	0.0	0.0	0.0	0.0	0.0	0.0	0.0	0.0	0.0	0.0	0.0	0.0	0.0	0.0	0.0	0.0	0.0	0.0	0.0	0.0	0.0	0.0	0.0	0.0	0.0	0.0	0.0	0.0	0.0	0.0	0.0	0.0
G4G3876_S35	0.0	0.0	0.0	0.0	56.0	0.0	47.0	95.0	0.0	0.0	0.0	0.0	268.0	0.0	191.0	218.0	0.0	0.0	0.0	39.0	33.0	0.0	45.0	0.0	0.0	147.0	0.0	0.0	0.0	27.0	0.0	0.0	0.0	0.0	36.0	28.0	13.0	0.0	0.0	0.0	0.0	57.0	15.0	149.0	18.0	6.0	10.0	0.0	0.0	9.0	0.0	0.0	0.0	0.0	0.0	0.0	12.0	0.0	34.0	0.0	0.0	11.0	0.0	0.0	0.0	0.0	3.0	7.0	0.0	19.0	0.0	0.0	0.0	40.0	0.0	0.0	0.0	0.0	18.0	0.0	0.0	0.0	0.0	0.0	0.0	9.0	0.0	10.0	0.0	4.0	0.0	0.0	0.0	40.0	0.0	0.0	0.0	0.0	223.0	0.0	0.0	0.0	0.0	0.0	8.0	0.0	0.0	175.0	0.0	167.0	163.0	0.0	0.0	0.0	0.0	0.0	0.0	0.0	0.0	0.0	0.0	0.0	0.0	0.0	0.0	0.0	64.0	0.0	0.0	57.0	0.0	0.0	43.0	0.0	0.0	37.0	0.0	35.0	0.0	0.0	29.0	28.0	0.0	0.0	0.0	0.0	0.0	0.0	0.0	0.0	0.0	0.0	0.0	15.0	0.0	0.0	0.0	0.0	12.0	12.0	0.0	10.0	0.0	9.0	0.0	0.0	0.0	0.0	6.0	0.0	6.0	0.0	0.0	0.0	0.0	0.0	0.0	0.0	0.0	0.0	0.0	0.0	0.0	0.0	0.0	0.0	0.0	0.0	0.0	0.0	0.0	0.0	0.0	0.0	0.0
G4G3877_S60	2928.0	3653.0	3471.0	1061.0	1199.0	1016.0	2082.0	294.0	2261.0	0.0	0.0	728.0	0.0	1107.0	0.0	0.0	0.0	760.0	326.0	1060.0	662.0	0.0	0.0	585.0	3978.0	0.0	328.0	419.0	472.0	470.0	0.0	275.0	0.0	0.0	134.0	253.0	3875.0	0.0	312.0	489.0	0.0	492.0	55.0	0.0	0.0	83.0	114.0	118.0	0.0	81.0	193.0	50.0	0.0	137.0	0.0	185.0	29.0	117.0	0.0	83.0	0.0	0.0	135.0	75.0	390.0	72.0	0.0	293.0	118.0	0.0	569.0	0.0	0.0	0.0	0.0	0.0	67.0	0.0	0.0	0.0	0.0	25.0	16.0	36.0	0.0	0.0	330.0	99.0	0.0	36.0	0.0	0.0	29.0	0.0	304.0	0.0	0.0	32.0	0.0	23.0	0.0	294.0	0.0	0.0	0.0	118.0	0.0	0.0	0.0	0.0	0.0	0.0	10.0	0.0	0.0	0.0	0.0	19.0	0.0	0.0	0.0	0.0	0.0	0.0	0.0	0.0	0.0	0.0	0.0	0.0	0.0	0.0	0.0	0.0	0.0	0.0	21.0	0.0	0.0	0.0	0.0	0.0	0.0	0.0	0.0	0.0	0.0	0.0	0.0	0.0	0.0	9.0	0.0	0.0	0.0	0.0	0.0	0.0	0.0	0.0	0.0	0.0	0.0	0.0	0.0	0.0	0.0	0.0	0.0	0.0	0.0	0.0	0.0	0.0	0.0	0.0	0.0	0.0	0.0	3.0	0.0	0.0	0.0	0.0	0.0	0.0	0.0	0.0	0.0	0.0	0.0	0.0	0.0	0.0	1.0
G4G3887_S11	3225.0	2147.0	1387.0	1586.0	1144.0	1039.0	762.0	945.0	922.0	0.0	0.0	870.0	0.0	1584.0	0.0	0.0	0.0	0.0	942.0	491.0	450.0	3691.0	839.0	518.0	4485.0	2147.0	339.0	453.0	331.0	306.0	313.0	366.0	162.0	0.0	226.0	234.0	0.0	0.0	0.0	162.0	0.0	393.0	148.0	0.0	470.0	199.0	120.0	216.0	0.0	158.0	158.0	157.0	316.0	0.0	249.0	0.0	67.0	49.0	0.0	68.0	126.0	130.0	0.0	96.0	0.0	90.0	79.0	105.0	82.0	295.0	0.0	0.0	79.0	0.0	0.0	0.0	44.0	35.0	0.0	27.0	0.0	47.0	48.0	34.0	0.0	0.0	0.0	0.0	0.0	14.0	40.0	29.0	16.0	0.0	0.0	0.0	0.0	0.0	0.0	0.0	0.0	0.0	0.0	0.0	0.0	0.0	40.0	0.0	0.0	0.0	0.0	0.0	0.0	0.0	0.0	0.0	10.0	0.0	0.0	0.0	0.0	0.0	0.0	0.0	0.0	0.0	0.0	0.0	0.0	0.0	0.0	0.0	0.0	0.0	0.0	0.0	0.0	0.0	0.0	0.0	0.0	0.0	0.0	0.0	0.0	0.0	0.0	0.0	0.0	0.0	0.0	0.0	0.0	0.0	0.0	0.0	0.0	0.0	0.0	0.0	0.0	0.0	0.0	0.0	0.0	0.0	0.0	0.0	0.0	0.0	0.0	0.0	0.0	0.0	0.0	0.0	0.0	0.0	0.0	0.0	0.0	0.0	0.0	0.0	0.0	0.0	0.0	0.0	0.0	0.0	0.0	0.0	0.0	0.0	0.0
G4G3891_S82	2027.0	2529.0	694.0	0.0	966.0	819.0	571.0	985.0	615.0	0.0	0.0	1157.0	3890.0	641.0	0.0	0.0	1934.0	1643.0	528.0	180.0	639.0	0.0	0.0	154.0	0.0	0.0	163.0	327.0	417.0	272.0	219.0	233.0	249.0	268.0	295.0	157.0	282.0	601.0	422.0	206.0	0.0	0.0	184.0	0.0	0.0	119.0	143.0	178.0	0.0	61.0	0.0	97.0	322.0	0.0	0.0	154.0	143.0	32.0	0.0	67.0	0.0	0.0	95.0	73.0	0.0	65.0	78.0	0.0	35.0	0.0	0.0	0.0	67.0	214.0	0.0	0.0	37.0	0.0	0.0	31.0	0.0	28.0	0.0	18.0	0.0	0.0	0.0	0.0	0.0	25.0	26.0	0.0	0.0	0.0	0.0	0.0	0.0	0.0	0.0	0.0	30.0	0.0	24.0	0.0	77.0	0.0	0.0	0.0	0.0	0.0	0.0	0.0	11.0	0.0	7.0	0.0	0.0	0.0	0.0	0.0	0.0	0.0	0.0	0.0	0.0	0.0	0.0	0.0	0.0	0.0	0.0	0.0	0.0	0.0	0.0	0.0	0.0	0.0	0.0	0.0	0.0	0.0	0.0	0.0	0.0	0.0	0.0	0.0	0.0	0.0	0.0	0.0	0.0	0.0	0.0	0.0	0.0	0.0	0.0	0.0	0.0	0.0	0.0	0.0	0.0	0.0	0.0	0.0	0.0	0.0	0.0	0.0	0.0	0.0	5.0	0.0	0.0	0.0	0.0	0.0	0.0	0.0	0.0	0.0	0.0	0.0	0.0	0.0	0.0	0.0	0.0	0.0	0.0	0.0	0.0
G4G3894_S12	3657.0	0.0	1706.0	1338.0	1044.0	872.0	856.0	1103.0	912.0	0.0	1778.0	717.0	0.0	0.0	1417.0	2265.0	0.0	0.0	0.0	666.0	333.0	0.0	0.0	636.0	0.0	0.0	355.0	440.0	347.0	337.0	315.0	345.0	406.0	499.0	244.0	280.0	0.0	0.0	344.0	0.0	0.0	0.0	162.0	0.0	0.0	174.0	109.0	124.0	952.0	241.0	170.0	163.0	0.0	192.0	228.0	174.0	82.0	120.0	0.0	101.0	0.0	0.0	132.0	0.0	0.0	103.0	0.0	147.0	103.0	0.0	0.0	0.0	76.0	0.0	0.0	0.0	28.0	57.0	197.0	30.0	0.0	38.0	32.0	22.0	0.0	114.0	0.0	0.0	0.0	15.0	33.0	58.0	18.0	0.0	0.0	0.0	0.0	0.0	0.0	44.0	0.0	0.0	31.0	0.0	0.0	0.0	0.0	0.0	13.0	0.0	0.0	0.0	0.0	0.0	0.0	0.0	0.0	0.0	0.0	0.0	0.0	0.0	0.0	0.0	0.0	0.0	0.0	0.0	0.0	0.0	0.0	0.0	0.0	0.0	0.0	0.0	0.0	0.0	0.0	0.0	0.0	0.0	0.0	0.0	0.0	0.0	0.0	0.0	8.0	0.0	0.0	0.0	0.0	0.0	0.0	0.0	0.0	0.0	0.0	0.0	0.0	0.0	0.0	0.0	0.0	3.0	0.0	0.0	0.0	0.0	0.0	0.0	0.0	0.0	0.0	0.0	0.0	0.0	0.0	0.0	0.0	0.0	0.0	0.0	0.0	0.0	0.0	0.0	0.0	0.0	0.0	0.0	0.0	0.0	0.0
G4G3895_S71	508.0	692.0	208.0	0.0	421.0	273.0	122.0	208.0	0.0	233.0	486.0	178.0	1182.0	319.0	87.0	450.0	0.0	0.0	118.0	99.0	150.0	0.0	86.0	77.0	0.0	0.0	93.0	105.0	101.0	68.0	85.0	147.0	68.0	60.0	136.0	37.0	0.0	0.0	100.0	41.0	0.0	0.0	52.0	0.0	0.0	47.0	47.0	39.0	153.0	31.0	107.0	32.0	0.0	36.0	16.0	42.0	29.0	19.0	32.0	29.0	0.0	0.0	25.0	28.0	0.0	19.0	16.0	0.0	21.0	0.0	0.0	0.0	27.0	0.0	0.0	0.0	12.0	0.0	26.0	13.0	0.0	15.0	15.0	8.0	0.0	0.0	0.0	11.0	0.0	0.0	8.0	13.0	0.0	0.0	0.0	0.0	0.0	0.0	0.0	0.0	0.0	0.0	0.0	0.0	0.0	0.0	0.0	0.0	0.0	0.0	0.0	0.0	0.0	0.0	0.0	0.0	0.0	0.0	0.0	0.0	0.0	0.0	0.0	0.0	0.0	0.0	0.0	0.0	0.0	0.0	0.0	0.0	0.0	0.0	0.0	0.0	0.0	0.0	0.0	0.0	0.0	0.0	0.0	0.0	2.0	0.0	0.0	0.0	0.0	0.0	0.0	0.0	0.0	0.0	15.0	0.0	0.0	0.0	0.0	0.0	0.0	0.0	0.0	0.0	0.0	0.0	0.0	0.0	0.0	0.0	0.0	0.0	0.0	0.0	0.0	0.0	4.0	0.0	0.0	0.0	0.0	0.0	0.0	0.0	0.0	0.0	0.0	0.0	0.0	0.0	0.0	0.0	0.0	0.0	0.0
G4G3900_S24	2309.0	1606.0	1194.0	981.0	690.0	954.0	690.0	862.0	713.0	0.0	54.0	0.0	0.0	1030.0	63.0	2107.0	0.0	1556.0	774.0	418.0	409.0	83.0	0.0	448.0	0.0	0.0	363.0	421.0	187.0	227.0	280.0	225.0	377.0	525.0	183.0	230.0	0.0	355.0	0.0	126.0	0.0	0.0	129.0	0.0	0.0	123.0	96.0	151.0	0.0	161.0	0.0	114.0	209.0	0.0	182.0	0.0	76.0	59.0	0.0	54.0	0.0	111.0	132.0	74.0	0.0	0.0	75.0	0.0	65.0	0.0	0.0	0.0	48.0	0.0	0.0	0.0	28.0	40.0	0.0	25.0	0.0	45.0	0.0	19.0	0.0	0.0	0.0	0.0	48.0	21.0	0.0	25.0	16.0	0.0	0.0	0.0	30.0	0.0	5.0	70.0	0.0	0.0	0.0	0.0	0.0	0.0	0.0	0.0	8.0	0.0	0.0	0.0	9.0	0.0	0.0	0.0	16.0	0.0	0.0	0.0	0.0	9.0	0.0	0.0	0.0	0.0	0.0	0.0	0.0	0.0	0.0	0.0	0.0	0.0	0.0	0.0	0.0	0.0	0.0	0.0	0.0	0.0	0.0	0.0	0.0	0.0	0.0	0.0	0.0	0.0	0.0	0.0	0.0	0.0	0.0	4.0	0.0	0.0	0.0	0.0	0.0	0.0	0.0	0.0	0.0	0.0	0.0	0.0	0.0	0.0	0.0	0.0	0.0	0.0	0.0	0.0	0.0	0.0	0.0	0.0	0.0	0.0	0.0	0.0	0.0	1.0	0.0	0.0	0.0	0.0	0.0	0.0	0.0	0.0	0.0
G4G3925_S36	1013.0	787.0	1033.0	1143.0	540.0	514.0	207.0	512.0	0.0	0.0	0.0	0.0	0.0	0.0	430.0	0.0	0.0	1131.0	448.0	258.0	169.0	0.0	0.0	254.0	0.0	0.0	144.0	178.0	86.0	77.0	181.0	76.0	168.0	0.0	108.0	72.0	0.0	0.0	152.0	59.0	0.0	155.0	71.0	359.0	0.0	86.0	69.0	67.0	0.0	42.0	0.0	52.0	0.0	161.0	0.0	0.0	40.0	36.0	0.0	24.0	82.0	53.0	0.0	33.0	0.0	0.0	26.0	0.0	40.0	0.0	0.0	0.0	9.0	112.0	0.0	0.0	17.0	15.0	0.0	24.0	0.0	0.0	16.0	10.0	0.0	0.0	0.0	0.0	35.0	0.0	0.0	0.0	5.0	0.0	0.0	0.0	14.0	0.0	0.0	0.0	16.0	0.0	0.0	0.0	0.0	0.0	0.0	0.0	0.0	0.0	0.0	0.0	0.0	0.0	0.0	0.0	0.0	0.0	0.0	0.0	0.0	0.0	0.0	0.0	0.0	0.0	0.0	0.0	0.0	0.0	0.0	0.0	0.0	0.0	0.0	0.0	0.0	0.0	0.0	0.0	0.0	0.0	0.0	0.0	0.0	0.0	0.0	0.0	0.0	0.0	0.0	0.0	0.0	0.0	0.0	0.0	0.0	0.0	0.0	0.0	0.0	0.0	0.0	0.0	0.0	0.0	0.0	0.0	0.0	0.0	0.0	0.0	0.0	0.0	0.0	0.0	0.0	0.0	0.0	0.0	0.0	0.0	0.0	0.0	0.0	0.0	0.0	0.0	0.0	0.0	0.0	0.0	0.0	0.0	0.0
G7B1008_S45	1131.0	733.0	907.0	0.0	488.0	483.0	418.0	387.0	295.0	1633.0	730.0	295.0	654.0	0.0	973.0	757.0	0.0	0.0	436.0	235.0	208.0	0.0	0.0	207.0	0.0	0.0	215.0	239.0	154.0	149.0	136.0	135.0	202.0	215.0	83.0	123.0	0.0	0.0	157.0	113.0	0.0	0.0	79.0	0.0	0.0	73.0	63.0	67.0	0.0	91.0	61.0	82.0	0.0	99.0	121.0	0.0	54.0	51.0	0.0	48.0	0.0	73.0	48.0	44.0	0.0	34.0	46.0	0.0	0.0	0.0	0.0	0.0	0.0	0.0	0.0	0.0	10.0	28.0	0.0	14.0	0.0	14.0	25.0	15.0	0.0	0.0	0.0	0.0	0.0	0.0	16.0	12.0	7.0	0.0	0.0	0.0	0.0	34.0	0.0	33.0	0.0	0.0	0.0	0.0	0.0	0.0	0.0	0.0	0.0	0.0	0.0	0.0	0.0	0.0	0.0	0.0	0.0	0.0	0.0	0.0	0.0	0.0	0.0	0.0	0.0	0.0	0.0	0.0	0.0	0.0	0.0	0.0	0.0	0.0	0.0	0.0	0.0	0.0	0.0	0.0	0.0	0.0	0.0	0.0	0.0	0.0	0.0	0.0	0.0	0.0	0.0	0.0	0.0	0.0	0.0	0.0	0.0	0.0	0.0	0.0	0.0	0.0	0.0	0.0	0.0	0.0	0.0	0.0	0.0	0.0	0.0	0.0	0.0	0.0	0.0	0.0	0.0	0.0	0.0	0.0	0.0	0.0	0.0	0.0	0.0	0.0	0.0	0.0	0.0	0.0	0.0	0.0	0.0	0.0	0.0
G7B915_S37	0	0.0	0.0	0	0	0.0	0.0	0	0.0	0	0	0	0	0.0	0.0	0.0	0.0	0	0	0	0	0.0	0.0	0	0	0	0	0	0	0.0	0	0	0	0	0	0.0	0.0	0.0	0	0	0.0	0	0	0	0.0	0.0	0.0	0	0	0	0	0	0	0	0.0	0.0	0	0.0	0	0.0	0	0.0	0	0	0.0	0	0.0	0	0	0	0.0	0	0	0.0	0.0	0	0.0	0.0	0	0	0	0	0	0.0	0	0	0	16.0	0	0.0	0	0	0.0	0	0	0	0	0	0.0	0	0	0	0.0	0	0.0	0	0	0	0	0.0	0	0	0.0	0	0	0	0.0	0	0	0	0	0	0	0	0.0	0	0	0	0	0.0	0	0.0	0	0	0.0	0	0	0	0	0	0.0	0	0	0	0	0	0	0	0	0	0.0	0	0	0.0	0	0	0	0	0	0	0.0	0	0	0	0	0	0	0.0	0	0	0	0	0	0	0	0	0	0	0	0	0	0	0	0	0	0.0	0	0	0	0	0	0	0	0	0
G7B918_S62	524.0	272.0	160.0	578.0	258.0	291.0	103.0	494.0	0.0	247.0	0.0	121.0	0.0	24.0	0.0	466.0	0.0	339.0	110.0	21.0	69.0	605.0	0.0	28.0	0.0	0.0	59.0	31.0	33.0	84.0	59.0	25.0	47.0	66.0	108.0	29.0	0.0	76.0	53.0	15.0	0.0	0.0	70.0	0.0	80.0	15.0	19.0	0.0	0.0	15.0	56.0	17.0	0.0	31.0	0.0	0.0	6.0	5.0	0.0	7.0	17.0	40.0	0.0	8.0	0.0	0.0	0.0	0.0	0.0	0.0	0.0	0.0	9.0	33.0	0.0	0.0	7.0	6.0	0.0	7.0	0.0	0.0	0.0	9.0	0.0	0.0	0.0	0.0	0.0	3.0	0.0	3.0	0.0	0.0	0.0	0.0	0.0	0.0	0.0	0.0	0.0	0.0	0.0	0.0	0.0	0.0	0.0	0.0	0.0	0.0	0.0	0.0	0.0	0.0	0.0	0.0	0.0	0.0	0.0	0.0	0.0	0.0	0.0	0.0	0.0	0.0	0.0	0.0	0.0	0.0	0.0	0.0	0.0	0.0	0.0	0.0	0.0	0.0	0.0	0.0	0.0	0.0	0.0	0.0	0.0	0.0	0.0	0.0	0.0	0.0	0.0	0.0	0.0	0.0	0.0	0.0	0.0	0.0	0.0	0.0	0.0	0.0	0.0	0.0	0.0	0.0	0.0	0.0	0.0	0.0	0.0	0.0	0.0	0.0	0.0	0.0	0.0	0.0	0.0	0.0	0.0	0.0	0.0	0.0	0.0	0.0	0.0	0.0	0.0	0.0	0.0	0.0	0.0	0.0	0.0
G7B923_S16	2071.0	1415.0	694.0	0.0	951.0	651.0	344.0	526.0	402.0	0.0	1164.0	561.0	1597.0	0.0	698.0	0.0	1660.0	0.0	0.0	302.0	273.0	0.0	922.0	277.0	0.0	0.0	247.0	0.0	222.0	174.0	209.0	258.0	171.0	370.0	199.0	198.0	0.0	0.0	0.0	117.0	0.0	0.0	137.0	0.0	253.0	105.0	112.0	102.0	553.0	95.0	0.0	65.0	0.0	0.0	0.0	70.0	45.0	37.0	164.0	70.0	0.0	0.0	91.0	50.0	0.0	61.0	67.0	0.0	73.0	0.0	0.0	201.0	28.0	0.0	0.0	0.0	12.0	0.0	114.0	18.0	55.0	0.0	0.0	12.0	184.0	0.0	0.0	0.0	0.0	15.0	0.0	0.0	0.0	0.0	0.0	0.0	21.0	0.0	0.0	0.0	13.0	0.0	0.0	0.0	0.0	0.0	0.0	0.0	0.0	0.0	0.0	0.0	0.0	0.0	0.0	0.0	0.0	0.0	0.0	0.0	0.0	0.0	0.0	0.0	0.0	0.0	0.0	0.0	0.0	0.0	0.0	0.0	0.0	0.0	0.0	0.0	0.0	0.0	0.0	0.0	0.0	0.0	0.0	0.0	0.0	0.0	0.0	0.0	0.0	0.0	0.0	0.0	0.0	0.0	0.0	0.0	0.0	0.0	0.0	0.0	0.0	0.0	0.0	0.0	0.0	0.0	0.0	0.0	0.0	0.0	0.0	0.0	0.0	0.0	0.0	0.0	0.0	0.0	0.0	0.0	0.0	0.0	0.0	0.0	0.0	0.0	0.0	0.0	0.0	0.0	0.0	0.0	0.0	0.0	0.0
G7B924_S51	1619.0	889.0	723.0	0.0	481.0	467.0	375.0	476.0	285.0	0.0	882.0	421.0	736.0	0.0	933.0	0.0	1795.0	0.0	0.0	235.0	255.0	0.0	655.0	208.0	0.0	0.0	169.0	0.0	201.0	145.0	0.0	157.0	0.0	326.0	107.0	131.0	0.0	0.0	0.0	157.0	0.0	0.0	77.0	0.0	242.0	69.0	52.0	79.0	415.0	78.0	0.0	74.0	0.0	0.0	0.0	102.0	48.0	41.0	130.0	37.0	0.0	0.0	85.0	37.0	0.0	33.0	46.0	84.0	51.0	0.0	0.0	0.0	0.0	0.0	0.0	0.0	11.0	40.0	66.0	17.0	0.0	0.0	0.0	19.0	192.0	0.0	90.0	0.0	0.0	0.0	0.0	0.0	0.0	0.0	136.0	0.0	0.0	33.0	0.0	0.0	16.0	0.0	0.0	0.0	0.0	0.0	0.0	0.0	0.0	0.0	0.0	151.0	0.0	0.0	0.0	0.0	0.0	0.0	0.0	0.0	0.0	3.0	0.0	0.0	0.0	0.0	0.0	0.0	0.0	0.0	0.0	0.0	0.0	6.0	0.0	0.0	0.0	0.0	0.0	0.0	0.0	0.0	0.0	0.0	0.0	0.0	0.0	0.0	0.0	0.0	0.0	0.0	0.0	0.0	0.0	0.0	13.0	0.0	0.0	0.0	0.0	0.0	0.0	0.0	0.0	0.0	0.0	0.0	0.0	0.0	0.0	0.0	0.0	0.0	0.0	0.0	0.0	0.0	0.0	0.0	0.0	0.0	0.0	0.0	0.0	0.0	0.0	0.0	0.0	0.0	0.0	0.0	0.0	0.0	0.0
G7B925_S40	1458.0	1511.0	677.0	0.0	796.0	631.0	263.0	515.0	0.0	1471.0	1035.0	632.0	1312.0	703.0	0.0	1341.0	0.0	0.0	547.0	190.0	310.0	0.0	0.0	204.0	0.0	0.0	213.0	250.0	211.0	123.0	155.0	190.0	182.0	258.0	215.0	112.0	0.0	289.0	208.0	101.0	0.0	0.0	110.0	0.0	0.0	91.0	83.0	92.0	0.0	46.0	125.0	65.0	0.0	146.0	0.0	77.0	52.0	50.0	0.0	43.0	0.0	0.0	97.0	47.0	0.0	40.0	38.0	0.0	59.0	0.0	0.0	0.0	31.0	0.0	0.0	0.0	11.0	0.0	0.0	18.0	0.0	23.0	22.0	19.0	0.0	0.0	0.0	25.0	0.0	0.0	23.0	22.0	6.0	0.0	0.0	0.0	0.0	0.0	0.0	0.0	0.0	0.0	8.0	273.0	0.0	0.0	0.0	0.0	0.0	0.0	0.0	0.0	0.0	0.0	0.0	0.0	0.0	0.0	0.0	0.0	0.0	0.0	0.0	0.0	0.0	0.0	0.0	0.0	0.0	0.0	0.0	0.0	0.0	0.0	0.0	0.0	0.0	0.0	5.0	0.0	0.0	0.0	0.0	0.0	0.0	0.0	0.0	0.0	0.0	0.0	0.0	0.0	0.0	0.0	0.0	0.0	0.0	0.0	0.0	0.0	0.0	0.0	0.0	0.0	0.0	0.0	0.0	0.0	0.0	0.0	0.0	0.0	0.0	0.0	0.0	0.0	0.0	0.0	0.0	0.0	0.0	0.0	0.0	0.0	0.0	0.0	0.0	0.0	0.0	0.0	0.0	0.0	0.0	0.0	0.0
G7B926_S74	126.0	203.0	17.0	0.0	37.0	48.0	31.0	21.0	0.0	0.0	54.0	41.0	171.0	0.0	77.0	0.0	0.0	0.0	21.0	36.0	44.0	0.0	0.0	9.0	0.0	0.0	15.0	19.0	11.0	11.0	0.0	12.0	11.0	29.0	14.0	10.0	4.0	0.0	0.0	14.0	0.0	0.0	12.0	0.0	13.0	4.0	15.0	3.0	0.0	0.0	29.0	2.0	17.0	0.0	0.0	0.0	6.0	0.0	0.0	0.0	0.0	0.0	5.0	0.0	0.0	0.0	0.0	0.0	0.0	0.0	0.0	0.0	0.0	0.0	0.0	0.0	0.0	4.0	0.0	0.0	0.0	0.0	0.0	0.0	0.0	0.0	0.0	0.0	0.0	0.0	0.0	0.0	0.0	0.0	0.0	0.0	0.0	0.0	0.0	0.0	0.0	0.0	0.0	0.0	0.0	0.0	0.0	0.0	0.0	0.0	0.0	0.0	0.0	0.0	0.0	0.0	0.0	0.0	0.0	0.0	0.0	0.0	0.0	0.0	0.0	0.0	0.0	0.0	0.0	0.0	0.0	0.0	0.0	0.0	0.0	0.0	0.0	0.0	0.0	0.0	0.0	0.0	0.0	0.0	0.0	0.0	0.0	0.0	0.0	0.0	0.0	0.0	0.0	0.0	0.0	0.0	0.0	0.0	0.0	0.0	0.0	0.0	0.0	0.0	0.0	0.0	0.0	0.0	0.0	0.0	0.0	0.0	0.0	0.0	0.0	0.0	0.0	0.0	0.0	0.0	0.0	0.0	0.0	0.0	0.0	0.0	0.0	0.0	0.0	0.0	0.0	0.0	0.0	0.0	0.0
G7B927_S50	2162.0	2115.0	1169.0	1960.0	1302.0	1228.0	641.0	826.0	678.0	0.0	0.0	857.0	0.0	0.0	1413.0	0.0	2294.0	1884.0	721.0	281.0	543.0	0.0	1006.0	328.0	0.0	0.0	320.0	449.0	276.0	304.0	337.0	306.0	361.0	542.0	277.0	236.0	0.0	0.0	0.0	155.0	0.0	0.0	159.0	0.0	0.0	151.0	112.0	147.0	0.0	90.0	160.0	82.0	0.0	307.0	173.0	0.0	79.0	46.0	0.0	58.0	0.0	131.0	124.0	0.0	0.0	43.0	46.0	0.0	49.0	0.0	0.0	0.0	55.0	273.0	0.0	0.0	39.0	50.0	0.0	42.0	0.0	33.0	37.0	25.0	0.0	93.0	0.0	0.0	0.0	22.0	34.0	0.0	12.0	0.0	0.0	0.0	0.0	0.0	0.0	0.0	0.0	0.0	14.0	0.0	68.0	0.0	0.0	0.0	12.0	0.0	0.0	0.0	0.0	0.0	27.0	0.0	0.0	0.0	0.0	0.0	0.0	0.0	0.0	0.0	0.0	0.0	0.0	0.0	0.0	0.0	0.0	17.0	0.0	0.0	0.0	0.0	0.0	0.0	0.0	0.0	0.0	0.0	0.0	0.0	0.0	0.0	0.0	0.0	0.0	0.0	0.0	0.0	0.0	0.0	0.0	0.0	0.0	0.0	0.0	0.0	0.0	0.0	0.0	0.0	0.0	0.0	0.0	0.0	0.0	0.0	0.0	0.0	0.0	0.0	0.0	0.0	0.0	0.0	0.0	0.0	0.0	0.0	0.0	0.0	0.0	0.0	0.0	0.0	0.0	0.0	0.0	0.0	0.0	0.0	0.0
G7B929_S17	1632.0	1206.0	839.0	125.0	609.0	547.0	455.0	708.0	466.0	857.0	0.0	334.0	484.0	1089.0	0.0	276.0	1146.0	917.0	573.0	373.0	220.0	0.0	551.0	328.0	0.0	240.0	249.0	260.0	204.0	181.0	185.0	236.0	243.0	220.0	122.0	166.0	287.0	201.0	209.0	115.0	155.0	74.0	103.0	0.0	0.0	83.0	56.0	128.0	0.0	100.0	0.0	104.0	242.0	0.0	14.0	57.0	48.0	27.0	24.0	68.0	0.0	0.0	61.0	63.0	0.0	46.0	26.0	0.0	55.0	0.0	0.0	0.0	0.0	223.0	0.0	366.0	14.0	0.0	0.0	17.0	0.0	26.0	0.0	17.0	0.0	0.0	0.0	21.0	0.0	0.0	12.0	0.0	5.0	0.0	0.0	0.0	0.0	0.0	0.0	0.0	20.0	0.0	10.0	0.0	26.0	0.0	0.0	0.0	0.0	0.0	0.0	0.0	6.0	0.0	21.0	33.0	10.0	0.0	0.0	0.0	0.0	0.0	0.0	0.0	0.0	0.0	0.0	0.0	0.0	0.0	0.0	0.0	0.0	0.0	0.0	0.0	0.0	0.0	0.0	0.0	0.0	0.0	0.0	0.0	0.0	7.0	0.0	0.0	0.0	0.0	0.0	0.0	0.0	0.0	0.0	0.0	0.0	0.0	0.0	0.0	0.0	0.0	0.0	0.0	0.0	0.0	0.0	0.0	0.0	0.0	0.0	0.0	0.0	0.0	0.0	0.0	0.0	0.0	0.0	0.0	0.0	0.0	2.0	0.0	0.0	0.0	0.0	0.0	0.0	0.0	0.0	0.0	0.0	1.0	0.0
G7B930_S88	262.0	255.0	87.0	381.0	122.0	134.0	36.0	91.0	0.0	128.0	203.0	0.0	0.0	0.0	99.0	147.0	0.0	0.0	0.0	35.0	40.0	0.0	0.0	38.0	0.0	0.0	34.0	36.0	51.0	23.0	28.0	26.0	21.0	53.0	0.0	23.0	0.0	0.0	50.0	29.0	0.0	0.0	33.0	116.0	0.0	12.0	19.0	15.0	72.0	0.0	23.0	11.0	0.0	23.0	30.0	0.0	11.0	6.0	0.0	6.0	12.0	12.0	0.0	0.0	0.0	3.0	0.0	0.0	4.0	0.0	0.0	0.0	0.0	0.0	0.0	0.0	0.0	0.0	7.0	0.0	0.0	0.0	0.0	0.0	0.0	6.0	0.0	0.0	0.0	0.0	0.0	0.0	0.0	0.0	0.0	0.0	0.0	0.0	0.0	0.0	0.0	0.0	0.0	0.0	0.0	0.0	0.0	0.0	0.0	0.0	0.0	0.0	0.0	0.0	5.0	3.0	0.0	0.0	0.0	0.0	0.0	0.0	0.0	0.0	0.0	0.0	0.0	0.0	0.0	0.0	0.0	0.0	0.0	0.0	0.0	0.0	0.0	0.0	0.0	0.0	0.0	0.0	0.0	0.0	0.0	0.0	0.0	0.0	0.0	0.0	0.0	0.0	0.0	0.0	0.0	0.0	0.0	0.0	0.0	0.0	0.0	0.0	0.0	0.0	0.0	0.0	0.0	0.0	0.0	0.0	0.0	0.0	0.0	0.0	0.0	0.0	0.0	0.0	0.0	0.0	0.0	0.0	0.0	0.0	0.0	0.0	0.0	0.0	0.0	0.0	0.0	0.0	0.0	0.0	0.0
G7B931_S63	21.0	249.0	4.0	265.0	47.0	71.0	47.0	18.0	0.0	0.0	0.0	0.0	0.0	0.0	0.0	103.0	0.0	0.0	4.0	0.0	20.0	430.0	0.0	208.0	0.0	26.0	9.0	17.0	45.0	9.0	23.0	19.0	0.0	0.0	23.0	9.0	0.0	32.0	2.0	12.0	0.0	29.0	9.0	0.0	5.0	3.0	3.0	0.0	0.0	0.0	21.0	0.0	0.0	0.0	0.0	0.0	11.0	0.0	2.0	8.0	0.0	5.0	0.0	0.0	0.0	0.0	3.0	0.0	0.0	0.0	0.0	0.0	0.0	0.0	0.0	0.0	0.0	0.0	0.0	4.0	0.0	8.0	0.0	0.0	0.0	0.0	0.0	0.0	0.0	0.0	0.0	0.0	0.0	0.0	0.0	0.0	0.0	0.0	0.0	0.0	0.0	0.0	0.0	0.0	0.0	0.0	0.0	0.0	0.0	0.0	0.0	6.0	0.0	0.0	0.0	0.0	0.0	0.0	0.0	0.0	0.0	0.0	0.0	0.0	0.0	0.0	0.0	0.0	0.0	0.0	0.0	0.0	0.0	0.0	0.0	0.0	0.0	0.0	0.0	0.0	0.0	0.0	27.0	0.0	0.0	0.0	0.0	0.0	0.0	0.0	0.0	0.0	0.0	0.0	0.0	0.0	0.0	0.0	0.0	0.0	0.0	0.0	0.0	0.0	0.0	0.0	0.0	0.0	0.0	0.0	0.0	0.0	0.0	0.0	0.0	0.0	0.0	0.0	0.0	0.0	0.0	0.0	0.0	0.0	0.0	0.0	0.0	0.0	0.0	0.0	0.0	0.0	0.0	0.0	0.0
G7B933_S38	1829.0	2099.0	1423.0	0.0	959.0	805.0	613.0	702.0	712.0	0.0	1281.0	0.0	1951.0	0.0	1093.0	0.0	0.0	0.0	0.0	446.0	437.0	0.0	938.0	308.0	0.0	0.0	374.0	361.0	258.0	188.0	239.0	296.0	373.0	0.0	229.0	163.0	0.0	0.0	291.0	160.0	0.0	303.0	135.0	803.0	0.0	120.0	194.0	0.0	657.0	111.0	153.0	101.0	0.0	0.0	181.0	0.0	91.0	43.0	257.0	73.0	137.0	140.0	0.0	0.0	0.0	57.0	77.0	0.0	63.0	0.0	89.0	224.0	35.0	0.0	0.0	0.0	13.0	0.0	183.0	23.0	0.0	0.0	26.0	15.0	0.0	59.0	0.0	40.0	0.0	0.0	21.0	21.0	12.0	0.0	0.0	0.0	0.0	0.0	0.0	0.0	0.0	0.0	8.0	0.0	0.0	0.0	0.0	0.0	0.0	0.0	0.0	0.0	0.0	0.0	0.0	0.0	0.0	0.0	0.0	0.0	0.0	0.0	0.0	0.0	0.0	0.0	0.0	0.0	0.0	0.0	0.0	0.0	0.0	14.0	0.0	0.0	0.0	0.0	0.0	0.0	0.0	0.0	0.0	0.0	0.0	0.0	0.0	0.0	0.0	0.0	0.0	0.0	0.0	0.0	0.0	0.0	0.0	0.0	0.0	0.0	0.0	0.0	0.0	0.0	0.0	0.0	0.0	0.0	0.0	0.0	0.0	0.0	0.0	0.0	0.0	0.0	0.0	0.0	0.0	0.0	0.0	0.0	0.0	0.0	0.0	0.0	0.0	0.0	0.0	0.0	0.0	0.0	0.0	0.0	0.0
G7B934_S85	0.0	0.0	8.0	161.0	78.0	74.0	8.0	10.0	0.0	0.0	0.0	0.0	0.0	0.0	18.0	0.0	0.0	161.0	0.0	24.0	17.0	0.0	0.0	15.0	0.0	0.0	0.0	8.0	8.0	6.0	5.0	0.0	0.0	0.0	7.0	5.0	0.0	3.0	0.0	0.0	0.0	41.0	17.0	112.0	23.0	0.0	0.0	3.0	13.0	0.0	0.0	3.0	28.0	0.0	0.0	8.0	0.0	9.0	0.0	0.0	0.0	0.0	0.0	0.0	0.0	0.0	0.0	0.0	0.0	0.0	0.0	0.0	0.0	0.0	0.0	0.0	0.0	3.0	34.0	0.0	0.0	0.0	0.0	0.0	0.0	0.0	0.0	0.0	0.0	0.0	0.0	0.0	0.0	0.0	0.0	0.0	0.0	0.0	0.0	0.0	0.0	0.0	0.0	0.0	0.0	0.0	0.0	0.0	0.0	0.0	0.0	0.0	0.0	0.0	0.0	0.0	0.0	0.0	0.0	0.0	0.0	0.0	0.0	0.0	0.0	0.0	0.0	0.0	0.0	0.0	0.0	0.0	0.0	0.0	0.0	0.0	0.0	0.0	0.0	0.0	0.0	0.0	0.0	0.0	0.0	0.0	0.0	0.0	0.0	0.0	0.0	0.0	0.0	0.0	0.0	0.0	0.0	12.0	0.0	0.0	0.0	0.0	0.0	0.0	0.0	0.0	0.0	0.0	0.0	0.0	0.0	0.0	0.0	0.0	0.0	0.0	0.0	0.0	0.0	0.0	0.0	0.0	0.0	0.0	0.0	0.0	0.0	0.0	0.0	0.0	0.0	0.0	0.0	0.0	0.0
G7B937_S15	1651.0	1561.0	942.0	1681.0	910.0	768.0	361.0	646.0	455.0	0.0	0.0	0.0	0.0	0.0	597.0	0.0	0.0	1321.0	514.0	165.0	314.0	0.0	0.0	179.0	0.0	0.0	219.0	262.0	193.0	185.0	124.0	135.0	159.0	0.0	276.0	175.0	0.0	0.0	237.0	142.0	0.0	298.0	157.0	719.0	0.0	102.0	123.0	89.0	0.0	55.0	0.0	67.0	0.0	226.0	0.0	0.0	82.0	25.0	0.0	50.0	70.0	151.0	0.0	27.0	0.0	0.0	24.0	0.0	0.0	0.0	0.0	0.0	30.0	153.0	0.0	0.0	22.0	57.0	0.0	33.0	0.0	0.0	28.0	11.0	0.0	0.0	0.0	0.0	67.0	0.0	0.0	0.0	13.0	0.0	0.0	0.0	29.0	0.0	0.0	0.0	18.0	0.0	0.0	0.0	0.0	0.0	0.0	0.0	0.0	0.0	0.0	0.0	0.0	0.0	0.0	0.0	0.0	0.0	0.0	0.0	0.0	0.0	0.0	0.0	0.0	0.0	0.0	0.0	0.0	0.0	0.0	0.0	0.0	0.0	0.0	0.0	0.0	0.0	0.0	0.0	0.0	0.0	0.0	0.0	0.0	3.0	0.0	0.0	0.0	0.0	0.0	0.0	0.0	0.0	0.0	0.0	0.0	0.0	0.0	0.0	0.0	0.0	0.0	0.0	0.0	0.0	0.0	0.0	0.0	0.0	0.0	0.0	0.0	0.0	0.0	0.0	0.0	0.0	0.0	0.0	0.0	2.0	0.0	0.0	0.0	0.0	0.0	0.0	0.0	0.0	0.0	1.0	0.0	0.0	0.0
G7B939_S87	927.0	872.0	327.0	764.0	438.0	407.0	189.0	382.0	0.0	148.0	144.0	0.0	204.0	0.0	309.0	734.0	90.0	0.0	257.0	183.0	176.0	1109.0	0.0	105.0	0.0	685.0	113.0	144.0	166.0	79.0	93.0	90.0	100.0	0.0	138.0	90.0	0.0	163.0	112.0	74.0	0.0	106.0	76.0	0.0	157.0	59.0	58.0	0.0	0.0	25.0	94.0	32.0	0.0	0.0	56.0	0.0	37.0	16.0	71.0	21.0	0.0	40.0	40.0	32.0	0.0	20.0	18.0	0.0	0.0	0.0	0.0	96.0	0.0	0.0	0.0	0.0	14.0	23.0	0.0	0.0	0.0	14.0	13.0	8.0	0.0	0.0	0.0	0.0	0.0	0.0	7.0	10.0	3.0	0.0	0.0	0.0	0.0	0.0	65.0	0.0	0.0	0.0	0.0	0.0	0.0	0.0	0.0	0.0	6.0	0.0	0.0	0.0	0.0	0.0	0.0	20.0	0.0	0.0	0.0	0.0	0.0	0.0	0.0	0.0	0.0	0.0	0.0	0.0	0.0	0.0	0.0	0.0	0.0	0.0	0.0	0.0	4.0	0.0	0.0	0.0	0.0	0.0	0.0	0.0	0.0	0.0	0.0	0.0	0.0	0.0	0.0	0.0	0.0	0.0	0.0	0.0	0.0	0.0	0.0	0.0	0.0	0.0	0.0	0.0	0.0	0.0	0.0	0.0	0.0	0.0	0.0	0.0	0.0	0.0	0.0	0.0	0.0	0.0	0.0	0.0	0.0	0.0	0.0	0.0	0.0	0.0	0.0	0.0	0.0	0.0	0.0	0.0	0.0	0.0	0.0
G7B943_S73	0.0	0.0	0.0	0.0	0.0	0.0	0.0	0.0	0.0	0.0	0.0	0.0	0.0	0.0	0.0	0.0	0.0	0.0	0.0	0.0	0.0	0.0	0.0	0.0	0.0	0.0	0.0	0.0	0.0	0.0	0.0	0.0	0.0	0.0	0.0	0.0	0.0	0.0	0.0	0.0	0.0	0.0	0.0	0.0	0.0	0.0	0.0	0.0	0.0	0.0	0.0	0.0	0.0	0.0	0.0	0.0	0.0	0.0	0.0	0.0	0.0	0.0	0.0	0.0	0.0	0.0	0.0	0.0	0.0	0.0	0.0	0.0	0.0	0.0	0.0	0.0	0.0	0.0	0.0	0.0	0.0	0.0	0.0	0.0	0.0	0.0	0.0	0.0	0.0	0.0	0.0	0.0	0.0	0.0	0.0	0.0	0.0	0.0	0.0	0.0	0.0	0.0	0.0	0.0	0.0	0.0	0.0	0.0	0.0	0.0	0.0	0.0	0.0	0.0	0.0	0.0	0.0	0.0	0.0	0.0	0.0	0.0	0.0	0.0	0.0	0.0	0.0	0.0	0.0	0.0	0.0	0.0	0.0	0.0	0.0	0.0	0.0	0.0	0.0	0.0	0.0	0.0	0.0	0.0	0.0	0.0	0.0	0.0	0.0	0.0	0.0	0.0	0.0	0.0	0.0	0.0	0.0	0.0	0.0	0.0	0.0	0.0	0.0	0.0	0.0	0.0	0.0	0.0	0.0	0.0	0.0	0.0	0.0	0.0	0.0	0.0	0.0	0.0	0.0	0.0	0.0	0.0	0.0	2.0	0.0	0.0	0.0	0.0	0.0	0.0	0.0	0.0	0.0	0.0	0.0
G7B944_S49	2564.0	2436.0	1231.0	0.0	1355.0	927.0	582.0	874.0	602.0	0.0	1668.0	901.0	2533.0	0.0	1452.0	0.0	2983.0	0.0	0.0	400.0	466.0	0.0	1140.0	441.0	0.0	0.0	331.0	0.0	432.0	248.0	328.0	339.0	393.0	496.0	259.0	232.0	0.0	0.0	0.0	204.0	0.0	0.0	143.0	0.0	478.0	158.0	139.0	165.0	865.0	105.0	0.0	96.0	0.0	0.0	0.0	160.0	90.0	59.0	346.0	75.0	0.0	0.0	139.0	71.0	0.0	78.0	57.0	0.0	0.0	0.0	139.0	267.0	37.0	0.0	0.0	0.0	22.0	52.0	237.0	28.0	0.0	0.0	0.0	21.0	363.0	0.0	0.0	0.0	0.0	0.0	0.0	0.0	0.0	0.0	0.0	0.0	31.0	0.0	0.0	0.0	30.0	0.0	0.0	0.0	0.0	0.0	0.0	0.0	0.0	0.0	0.0	0.0	0.0	0.0	0.0	0.0	0.0	0.0	0.0	0.0	0.0	5.0	0.0	0.0	0.0	0.0	0.0	0.0	0.0	0.0	0.0	0.0	0.0	8.0	0.0	0.0	0.0	0.0	0.0	0.0	0.0	0.0	0.0	0.0	0.0	0.0	0.0	0.0	0.0	0.0	0.0	0.0	0.0	0.0	0.0	0.0	0.0	0.0	0.0	0.0	0.0	0.0	0.0	0.0	0.0	0.0	0.0	0.0	0.0	0.0	0.0	0.0	0.0	0.0	0.0	0.0	0.0	0.0	0.0	0.0	0.0	0.0	0.0	0.0	0.0	0.0	0.0	0.0	0.0	0.0	0.0	0.0	0.0	0.0	0.0
G7B947_S86	1124.0	1123.0	490.0	1072.0	544.0	484.0	244.0	304.0	0.0	0.0	638.0	357.0	0.0	0.0	794.0	982.0	0.0	99.0	322.0	211.0	224.0	0.0	0.0	169.0	0.0	0.0	145.0	0.0	175.0	92.0	151.0	138.0	154.0	0.0	163.0	93.0	0.0	0.0	129.0	89.0	0.0	185.0	68.0	0.0	0.0	71.0	68.0	69.0	0.0	49.0	0.0	37.0	0.0	156.0	0.0	61.0	44.0	33.0	0.0	15.0	0.0	0.0	51.0	0.0	0.0	0.0	20.0	0.0	0.0	0.0	0.0	0.0	27.0	0.0	0.0	0.0	13.0	0.0	0.0	17.0	0.0	7.0	0.0	9.0	149.0	61.0	0.0	0.0	0.0	9.0	0.0	0.0	9.0	0.0	0.0	0.0	0.0	0.0	0.0	0.0	10.0	0.0	5.0	0.0	0.0	0.0	0.0	0.0	0.0	0.0	0.0	0.0	0.0	0.0	0.0	0.0	0.0	0.0	18.0	0.0	0.0	0.0	0.0	0.0	0.0	0.0	0.0	0.0	0.0	0.0	0.0	0.0	0.0	0.0	0.0	0.0	0.0	0.0	0.0	0.0	0.0	0.0	0.0	0.0	0.0	0.0	0.0	0.0	0.0	0.0	0.0	0.0	0.0	0.0	0.0	0.0	0.0	0.0	0.0	0.0	0.0	0.0	0.0	0.0	0.0	0.0	0.0	0.0	0.0	0.0	0.0	0.0	0.0	0.0	0.0	0.0	0.0	0.0	0.0	0.0	0.0	0.0	0.0	0.0	0.0	0.0	1.0	0.0	0.0	0.0	0.0	0.0	0.0	0.0	0.0
G7B948_S61	2637.0	2420.0	1012.0	3401.0	1491.0	878.0	682.0	962.0	610.0	0.0	1758.0	1018.0	0.0	0.0	1273.0	2519.0	0.0	0.0	808.0	381.0	576.0	2826.0	0.0	475.0	0.0	0.0	296.0	366.0	431.0	326.0	306.0	264.0	336.0	0.0	444.0	233.0	437.0	0.0	525.0	236.0	0.0	247.0	234.0	0.0	476.0	235.0	222.0	182.0	0.0	74.0	355.0	88.0	0.0	255.0	164.0	231.0	82.0	72.0	0.0	0.0	0.0	0.0	132.0	74.0	0.0	69.0	53.0	0.0	46.0	0.0	117.0	0.0	58.0	0.0	0.0	0.0	45.0	70.0	0.0	37.0	105.0	34.0	0.0	25.0	0.0	0.0	0.0	0.0	88.0	22.0	0.0	20.0	28.0	0.0	0.0	0.0	0.0	0.0	0.0	0.0	0.0	0.0	0.0	0.0	0.0	0.0	20.0	0.0	6.0	0.0	0.0	0.0	13.0	0.0	0.0	0.0	0.0	0.0	0.0	0.0	0.0	0.0	0.0	0.0	0.0	0.0	0.0	0.0	0.0	0.0	0.0	0.0	0.0	0.0	0.0	0.0	0.0	0.0	0.0	12.0	0.0	0.0	0.0	0.0	0.0	0.0	0.0	0.0	0.0	0.0	0.0	0.0	0.0	0.0	0.0	0.0	0.0	0.0	0.0	0.0	0.0	0.0	0.0	0.0	0.0	0.0	0.0	0.0	0.0	0.0	0.0	0.0	0.0	0.0	0.0	0.0	0.0	0.0	0.0	0.0	0.0	0.0	0.0	0.0	0.0	0.0	0.0	0.0	0.0	0.0	0.0	0.0	0.0	0.0	0.0
G7B952_S5	1637.0	1263.0	775.0	0.0	600.0	392.0	315.0	532.0	414.0	0.0	981.0	379.0	929.0	0.0	669.0	0.0	1719.0	0.0	0.0	235.0	262.0	0.0	561.0	213.0	0.0	0.0	178.0	0.0	191.0	101.0	0.0	181.0	197.0	300.0	181.0	106.0	0.0	0.0	0.0	90.0	0.0	0.0	69.0	0.0	233.0	76.0	56.0	88.0	470.0	54.0	0.0	46.0	0.0	0.0	0.0	77.0	34.0	41.0	163.0	50.0	0.0	0.0	60.0	29.0	0.0	42.0	39.0	0.0	0.0	0.0	0.0	189.0	22.0	0.0	0.0	0.0	12.0	0.0	94.0	17.0	0.0	0.0	0.0	14.0	168.0	0.0	152.0	0.0	0.0	8.0	0.0	0.0	0.0	0.0	0.0	0.0	15.0	0.0	0.0	0.0	11.0	0.0	0.0	0.0	0.0	0.0	0.0	0.0	0.0	0.0	0.0	0.0	0.0	0.0	0.0	0.0	0.0	0.0	0.0	0.0	0.0	0.0	0.0	0.0	0.0	0.0	0.0	0.0	0.0	0.0	0.0	0.0	0.0	3.0	0.0	0.0	0.0	0.0	0.0	0.0	0.0	0.0	0.0	0.0	0.0	0.0	0.0	0.0	0.0	0.0	0.0	0.0	0.0	0.0	0.0	0.0	0.0	0.0	0.0	0.0	0.0	0.0	0.0	0.0	0.0	0.0	0.0	0.0	0.0	0.0	0.0	0.0	0.0	0.0	0.0	0.0	0.0	0.0	0.0	0.0	0.0	0.0	0.0	0.0	0.0	0.0	0.0	0.0	0.0	0.0	0.0	0.0	0.0	0.0	0.0
G7B953_S41	0	0.0	0.0	0	0	0.0	0.0	0	0.0	0	0	0	0	0.0	0.0	0.0	0.0	0	0	0	0	0.0	0.0	0	0	0	0	0	0	0.0	0	0	0	0	0	0.0	0.0	0.0	0	0	0.0	0	0	0	0.0	0.0	0.0	0	0	0	0	0	0	0	0.0	0.0	0	0.0	0	0.0	0	0.0	0	0	0.0	0	0.0	0	0	0	0.0	0	0	0.0	0.0	0	0.0	0.0	0	0	0	0	0	0.0	0	0	0	0.0	0	0.0	0	0	0.0	0	0	0	0	0	0.0	0	0	0	0.0	0	0.0	0	0	0	0	0.0	0	0	0.0	0	0	0	0.0	0	0	0	0	0	0	0	0.0	0	0	0	0	0.0	0	0.0	0	0	0.0	0	0	0	0	0	0.0	0	0	0	0	0	0	0	0	0	0.0	0	0	0.0	0	0	0	0	0	0	0.0	0	0	0	0	0	0	0.0	0	0	0	0	0	0	0	0	0	0	0	0	0	0	0	0	0	0.0	0	0	0	0	0	0	0	0	0
G7B955_S4	1051.0	360.0	370.0	43.0	547.0	704.0	245.0	440.0	301.0	2645.0	801.0	333.0	786.0	1087.0	188.0	0.0	0.0	126.0	329.0	181.0	205.0	0.0	0.0	155.0	0.0	0.0	162.0	187.0	182.0	70.0	198.0	114.0	159.0	135.0	120.0	145.0	257.0	214.0	161.0	0.0	0.0	0.0	77.0	0.0	127.0	62.0	50.0	77.0	0.0	30.0	88.0	39.0	0.0	90.0	50.0	93.0	33.0	23.0	0.0	31.0	38.0	0.0	0.0	0.0	0.0	20.0	23.0	0.0	0.0	0.0	0.0	0.0	0.0	0.0	0.0	0.0	0.0	16.0	0.0	14.0	0.0	17.0	11.0	5.0	0.0	23.0	0.0	0.0	0.0	7.0	0.0	0.0	5.0	0.0	0.0	0.0	12.0	13.0	0.0	0.0	0.0	0.0	0.0	0.0	0.0	0.0	0.0	0.0	0.0	0.0	0.0	0.0	0.0	0.0	0.0	0.0	0.0	5.0	0.0	0.0	0.0	0.0	0.0	0.0	0.0	0.0	0.0	0.0	0.0	0.0	0.0	0.0	0.0	0.0	0.0	0.0	0.0	0.0	0.0	0.0	0.0	0.0	0.0	0.0	7.0	0.0	0.0	0.0	0.0	0.0	0.0	0.0	0.0	0.0	0.0	0.0	0.0	0.0	0.0	0.0	0.0	0.0	0.0	0.0	0.0	0.0	0.0	0.0	0.0	0.0	0.0	0.0	0.0	0.0	0.0	0.0	0.0	0.0	0.0	0.0	0.0	0.0	0.0	0.0	0.0	1.0	0.0	0.0	0.0	0.0	0.0	0.0	0.0	0.0	0.0
G7B956_S26	158.0	362.0	162.0	282.0	174.0	180.0	42.0	192.0	0.0	126.0	268.0	215.0	148.0	0.0	108.0	183.0	0.0	0.0	0.0	50.0	85.0	0.0	0.0	34.0	0.0	0.0	27.0	33.0	36.0	36.0	35.0	41.0	37.0	45.0	65.0	58.0	0.0	0.0	57.0	20.0	0.0	0.0	21.0	0.0	0.0	15.0	21.0	10.0	76.0	12.0	58.0	11.0	0.0	27.0	7.0	0.0	20.0	13.0	0.0	12.0	0.0	22.0	13.0	8.0	0.0	5.0	0.0	0.0	12.0	0.0	0.0	0.0	0.0	0.0	0.0	0.0	4.0	0.0	18.0	0.0	0.0	6.0	0.0	3.0	0.0	0.0	0.0	6.0	0.0	7.0	0.0	0.0	0.0	0.0	0.0	0.0	0.0	0.0	0.0	6.0	0.0	0.0	2.0	0.0	0.0	0.0	0.0	0.0	0.0	0.0	0.0	0.0	0.0	0.0	0.0	11.0	0.0	0.0	0.0	0.0	0.0	0.0	0.0	0.0	0.0	0.0	0.0	0.0	0.0	0.0	0.0	0.0	0.0	0.0	0.0	0.0	0.0	0.0	0.0	0.0	0.0	0.0	0.0	0.0	0.0	0.0	0.0	0.0	0.0	0.0	0.0	0.0	0.0	0.0	0.0	0.0	0.0	0.0	0.0	0.0	0.0	0.0	0.0	0.0	0.0	0.0	0.0	0.0	0.0	0.0	0.0	0.0	0.0	0.0	0.0	0.0	0.0	0.0	0.0	0.0	0.0	0.0	0.0	0.0	0.0	0.0	0.0	0.0	0.0	0.0	0.0	0.0	0.0	0.0	0.0
G7B957_S53	610.0	724.0	270.0	709.0	315.0	371.0	89.0	229.0	0.0	0.0	0.0	0.0	0.0	0.0	269.0	569.0	0.0	0.0	227.0	226.0	138.0	0.0	0.0	101.0	0.0	474.0	121.0	95.0	108.0	50.0	102.0	66.0	100.0	125.0	79.0	124.0	0.0	110.0	128.0	57.0	0.0	0.0	79.0	0.0	0.0	19.0	59.0	31.0	0.0	22.0	0.0	26.0	0.0	0.0	54.0	30.0	32.0	17.0	141.0	15.0	0.0	0.0	30.0	19.0	0.0	13.0	22.0	0.0	0.0	0.0	0.0	0.0	8.0	0.0	0.0	0.0	9.0	17.0	0.0	0.0	0.0	0.0	28.0	7.0	0.0	0.0	0.0	0.0	15.0	10.0	11.0	0.0	0.0	0.0	0.0	0.0	0.0	0.0	0.0	19.0	0.0	0.0	0.0	0.0	0.0	0.0	0.0	0.0	0.0	0.0	0.0	0.0	0.0	0.0	0.0	0.0	0.0	0.0	0.0	0.0	0.0	0.0	0.0	0.0	0.0	0.0	0.0	0.0	0.0	0.0	0.0	0.0	0.0	0.0	0.0	0.0	10.0	0.0	0.0	0.0	0.0	0.0	0.0	0.0	0.0	0.0	0.0	0.0	0.0	0.0	0.0	0.0	0.0	0.0	0.0	0.0	0.0	0.0	0.0	0.0	0.0	0.0	0.0	0.0	0.0	0.0	0.0	0.0	0.0	0.0	0.0	0.0	0.0	0.0	0.0	0.0	0.0	0.0	0.0	0.0	0.0	0.0	0.0	0.0	0.0	0.0	0.0	0.0	0.0	0.0	0.0	0.0	0.0	0.0	0.0
G7B958_S76	1356.0	1568.0	735.0	1083.0	474.0	482.0	290.0	739.0	355.0	0.0	0.0	0.0	0.0	0.0	703.0	1176.0	0.0	183.0	519.0	244.0	257.0	0.0	0.0	215.0	0.0	1184.0	203.0	285.0	155.0	170.0	178.0	82.0	190.0	297.0	166.0	124.0	0.0	299.0	193.0	144.0	0.0	0.0	148.0	0.0	0.0	95.0	61.0	108.0	0.0	48.0	0.0	89.0	0.0	182.0	76.0	45.0	42.0	32.0	0.0	31.0	0.0	0.0	92.0	0.0	0.0	27.0	28.0	0.0	26.0	0.0	104.0	0.0	35.0	0.0	0.0	0.0	11.0	0.0	0.0	19.0	0.0	0.0	23.0	17.0	0.0	41.0	0.0	32.0	0.0	10.0	18.0	17.0	8.0	0.0	0.0	0.0	0.0	0.0	0.0	35.0	0.0	0.0	0.0	0.0	0.0	0.0	0.0	0.0	2.0	0.0	0.0	0.0	7.0	0.0	0.0	0.0	24.0	0.0	0.0	0.0	0.0	0.0	0.0	0.0	0.0	0.0	0.0	0.0	0.0	0.0	0.0	0.0	0.0	0.0	0.0	0.0	0.0	0.0	0.0	0.0	0.0	0.0	0.0	0.0	0.0	0.0	0.0	0.0	0.0	0.0	0.0	0.0	0.0	0.0	0.0	0.0	0.0	0.0	0.0	0.0	0.0	0.0	0.0	0.0	0.0	0.0	0.0	0.0	0.0	0.0	0.0	0.0	0.0	0.0	0.0	0.0	0.0	0.0	0.0	0.0	0.0	0.0	0.0	0.0	0.0	0.0	0.0	0.0	0.0	0.0	0.0	0.0	0.0	0.0	0.0
G7B959_S64	327.0	282.0	251.0	331.0	159.0	135.0	41.0	153.0	0.0	0.0	0.0	0.0	0.0	0.0	74.0	0.0	0.0	273.0	147.0	15.0	81.0	0.0	0.0	21.0	0.0	0.0	51.0	54.0	26.0	24.0	27.0	32.0	33.0	0.0	97.0	32.0	0.0	0.0	73.0	16.0	0.0	54.0	27.0	114.0	0.0	16.0	20.0	15.0	0.0	19.0	0.0	9.0	0.0	17.0	0.0	0.0	22.0	12.0	0.0	8.0	25.0	10.0	0.0	15.0	0.0	0.0	9.0	0.0	18.0	0.0	0.0	0.0	0.0	42.0	0.0	0.0	0.0	7.0	0.0	5.0	0.0	0.0	15.0	5.0	0.0	0.0	0.0	0.0	10.0	6.0	0.0	0.0	0.0	0.0	0.0	0.0	3.0	5.0	0.0	0.0	5.0	0.0	0.0	0.0	0.0	0.0	0.0	0.0	0.0	0.0	0.0	0.0	0.0	0.0	0.0	0.0	0.0	0.0	0.0	0.0	0.0	0.0	0.0	0.0	0.0	0.0	0.0	0.0	0.0	0.0	0.0	0.0	0.0	0.0	0.0	0.0	0.0	0.0	0.0	0.0	0.0	0.0	0.0	0.0	0.0	0.0	0.0	0.0	0.0	0.0	0.0	0.0	0.0	0.0	0.0	0.0	0.0	0.0	0.0	0.0	0.0	0.0	0.0	0.0	0.0	0.0	0.0	0.0	0.0	0.0	0.0	0.0	0.0	0.0	0.0	0.0	0.0	0.0	0.0	0.0	0.0	0.0	0.0	0.0	0.0	0.0	0.0	0.0	0.0	0.0	0.0	0.0	0.0	0.0	0.0
G7B964_S28	161.0	417.0	109.0	283.0	82.0	97.0	31.0	112.0	0.0	0.0	0.0	85.0	0.0	0.0	89.0	0.0	128.0	198.0	77.0	19.0	50.0	0.0	0.0	15.0	0.0	0.0	6.0	43.0	41.0	31.0	0.0	29.0	0.0	52.0	40.0	29.0	26.0	0.0	0.0	32.0	0.0	0.0	16.0	0.0	0.0	6.0	10.0	14.0	0.0	0.0	29.0	7.0	64.0	0.0	0.0	0.0	9.0	21.0	0.0	9.0	14.0	12.0	0.0	10.0	0.0	9.0	0.0	0.0	10.0	0.0	0.0	0.0	0.0	0.0	0.0	0.0	0.0	3.0	0.0	0.0	0.0	0.0	6.0	3.0	0.0	0.0	51.0	0.0	0.0	0.0	0.0	0.0	0.0	0.0	0.0	0.0	0.0	0.0	0.0	0.0	0.0	0.0	0.0	0.0	0.0	0.0	0.0	0.0	0.0	0.0	0.0	0.0	0.0	0.0	0.0	18.0	0.0	0.0	0.0	0.0	0.0	0.0	0.0	0.0	0.0	0.0	0.0	0.0	0.0	0.0	0.0	0.0	0.0	0.0	0.0	0.0	0.0	0.0	0.0	0.0	0.0	0.0	0.0	0.0	0.0	0.0	0.0	0.0	0.0	16.0	0.0	6.0	0.0	0.0	0.0	0.0	0.0	0.0	0.0	0.0	0.0	0.0	0.0	0.0	9.0	0.0	0.0	0.0	0.0	0.0	0.0	0.0	0.0	0.0	0.0	0.0	0.0	0.0	0.0	0.0	0.0	0.0	0.0	0.0	0.0	0.0	0.0	0.0	0.0	0.0	0.0	0.0	0.0	0.0	0.0
G7B967_S3	1346.0	972.0	218.0	503.0	862.0	629.0	135.0	235.0	0.0	744.0	583.0	384.0	269.0	76.0	65.0	963.0	0.0	0.0	358.0	122.0	224.0	0.0	196.0	159.0	0.0	332.0	211.0	95.0	188.0	68.0	84.0	250.0	98.0	237.0	185.0	88.0	0.0	54.0	102.0	77.0	0.0	74.0	122.0	0.0	0.0	26.0	40.0	43.0	0.0	16.0	116.0	23.0	0.0	125.0	0.0	72.0	34.0	15.0	0.0	17.0	32.0	0.0	36.0	7.0	0.0	22.0	38.0	0.0	39.0	0.0	0.0	0.0	21.0	0.0	0.0	0.0	6.0	0.0	0.0	12.0	0.0	18.0	23.0	9.0	0.0	0.0	0.0	21.0	0.0	0.0	10.0	14.0	4.0	0.0	0.0	0.0	0.0	0.0	0.0	0.0	0.0	0.0	0.0	0.0	0.0	0.0	0.0	0.0	0.0	0.0	0.0	0.0	0.0	0.0	0.0	0.0	0.0	0.0	0.0	0.0	0.0	0.0	0.0	0.0	0.0	0.0	0.0	0.0	0.0	0.0	0.0	11.0	0.0	0.0	0.0	0.0	0.0	0.0	0.0	0.0	0.0	0.0	0.0	0.0	0.0	0.0	0.0	0.0	2.0	0.0	0.0	0.0	0.0	0.0	0.0	0.0	0.0	0.0	0.0	0.0	0.0	0.0	0.0	0.0	0.0	0.0	0.0	0.0	0.0	0.0	0.0	0.0	0.0	0.0	0.0	0.0	0.0	0.0	0.0	0.0	0.0	0.0	0.0	0.0	0.0	0.0	0.0	0.0	0.0	0.0	0.0	0.0	0.0	0.0	0.0
G7B968_S29	735.0	440.0	92.0	241.0	100.0	146.0	66.0	125.0	0.0	0.0	151.0	86.0	0.0	0.0	111.0	0.0	0.0	0.0	74.0	64.0	41.0	0.0	0.0	37.0	116.0	0.0	36.0	40.0	24.0	70.0	60.0	38.0	87.0	0.0	19.0	9.0	0.0	0.0	30.0	31.0	0.0	40.0	46.0	0.0	39.0	7.0	15.0	5.0	0.0	7.0	0.0	10.0	0.0	22.0	0.0	0.0	4.0	0.0	0.0	2.0	18.0	18.0	0.0	0.0	0.0	4.0	0.0	0.0	0.0	0.0	0.0	0.0	0.0	0.0	0.0	0.0	0.0	0.0	0.0	0.0	0.0	0.0	4.0	0.0	0.0	9.0	0.0	0.0	0.0	0.0	6.0	0.0	0.0	0.0	0.0	0.0	0.0	0.0	0.0	0.0	0.0	0.0	0.0	0.0	0.0	38.0	0.0	0.0	0.0	0.0	0.0	0.0	0.0	0.0	0.0	0.0	0.0	0.0	0.0	0.0	0.0	0.0	0.0	0.0	0.0	0.0	0.0	0.0	0.0	0.0	0.0	0.0	0.0	0.0	0.0	0.0	0.0	0.0	0.0	0.0	0.0	0.0	0.0	0.0	0.0	0.0	0.0	0.0	0.0	0.0	0.0	0.0	0.0	0.0	0.0	0.0	0.0	0.0	0.0	0.0	0.0	0.0	0.0	0.0	0.0	0.0	0.0	0.0	0.0	0.0	0.0	0.0	0.0	0.0	0.0	0.0	0.0	0.0	0.0	0.0	0.0	0.0	0.0	0.0	0.0	0.0	0.0	0.0	0.0	0.0	0.0	0.0	0.0	0.0	0.0
G7B969_S75	902.0	535.0	124.0	1104.0	245.0	149.0	67.0	46.0	0.0	0.0	0.0	485.0	0.0	0.0	43.0	0.0	559.0	391.0	120.0	30.0	100.0	0.0	237.0	73.0	0.0	0.0	45.0	61.0	60.0	50.0	60.0	63.0	83.0	24.0	32.0	56.0	0.0	172.0	0.0	33.0	0.0	0.0	62.0	0.0	0.0	20.0	99.0	23.0	0.0	0.0	56.0	29.0	0.0	130.0	0.0	0.0	18.0	9.0	0.0	16.0	0.0	16.0	34.0	0.0	0.0	11.0	4.0	6.0	0.0	0.0	0.0	0.0	5.0	38.0	0.0	0.0	0.0	0.0	0.0	0.0	0.0	3.0	2.0	0.0	0.0	50.0	0.0	0.0	11.0	0.0	7.0	0.0	0.0	0.0	0.0	0.0	0.0	0.0	0.0	0.0	0.0	0.0	0.0	0.0	0.0	0.0	0.0	0.0	0.0	0.0	0.0	0.0	0.0	3.0	0.0	0.0	0.0	0.0	0.0	0.0	0.0	0.0	0.0	0.0	0.0	0.0	0.0	0.0	0.0	0.0	0.0	0.0	0.0	0.0	0.0	0.0	0.0	0.0	0.0	9.0	0.0	0.0	0.0	0.0	0.0	0.0	0.0	0.0	0.0	0.0	0.0	0.0	0.0	0.0	0.0	0.0	0.0	0.0	0.0	0.0	0.0	0.0	0.0	0.0	0.0	0.0	0.0	0.0	0.0	0.0	0.0	0.0	0.0	0.0	0.0	0.0	0.0	0.0	0.0	0.0	0.0	0.0	0.0	0.0	0.0	0.0	0.0	0.0	0.0	0.0	0.0	0.0	0.0	0.0	0.0
G7B977_S80	201.0	401.0	22.0	207.0	49.0	28.0	27.0	51.0	0.0	9.0	120.0	0.0	0.0	268.0	0.0	0.0	0.0	0.0	7.0	20.0	9.0	0.0	33.0	5.0	0.0	0.0	7.0	16.0	14.0	13.0	0.0	9.0	5.0	0.0	0.0	5.0	0.0	3.0	15.0	39.0	0.0	21.0	3.0	27.0	6.0	19.0	7.0	0.0	0.0	0.0	0.0	0.0	17.0	0.0	0.0	0.0	0.0	0.0	0.0	8.0	0.0	0.0	0.0	0.0	0.0	7.0	0.0	7.0	0.0	0.0	0.0	0.0	0.0	0.0	0.0	133.0	0.0	2.0	0.0	0.0	0.0	0.0	0.0	3.0	0.0	0.0	0.0	0.0	0.0	0.0	0.0	0.0	0.0	0.0	0.0	0.0	0.0	0.0	0.0	0.0	0.0	0.0	0.0	0.0	0.0	0.0	0.0	0.0	0.0	0.0	0.0	0.0	0.0	0.0	0.0	0.0	0.0	0.0	0.0	0.0	0.0	0.0	0.0	0.0	0.0	0.0	0.0	0.0	0.0	0.0	0.0	0.0	0.0	0.0	0.0	0.0	0.0	0.0	0.0	0.0	0.0	0.0	0.0	0.0	0.0	0.0	0.0	0.0	0.0	0.0	0.0	0.0	0.0	0.0	0.0	0.0	0.0	0.0	0.0	0.0	0.0	0.0	0.0	0.0	0.0	0.0	0.0	0.0	0.0	0.0	0.0	0.0	0.0	0.0	0.0	0.0	0.0	0.0	0.0	0.0	0.0	0.0	0.0	0.0	0.0	0.0	0.0	0.0	0.0	0.0	0.0	0.0	0.0	0.0	0.0
G7B979_S57	466.0	445.0	189.0	394.0	205.0	272.0	110.0	149.0	0.0	0.0	0.0	159.0	0.0	183.0	35.0	0.0	0.0	0.0	152.0	70.0	102.0	976.0	152.0	52.0	236.0	440.0	54.0	101.0	75.0	68.0	38.0	42.0	0.0	0.0	63.0	52.0	0.0	0.0	0.0	23.0	0.0	55.0	36.0	0.0	63.0	24.0	29.0	28.0	0.0	12.0	48.0	27.0	60.0	0.0	29.0	0.0	15.0	16.0	0.0	14.0	23.0	37.0	0.0	19.0	0.0	9.0	12.0	0.0	0.0	41.0	0.0	0.0	7.0	0.0	0.0	0.0	8.0	7.0	0.0	11.0	0.0	10.0	7.0	9.0	0.0	0.0	0.0	0.0	0.0	0.0	6.0	3.0	0.0	0.0	0.0	0.0	0.0	0.0	6.0	0.0	0.0	0.0	0.0	0.0	0.0	0.0	0.0	0.0	0.0	0.0	0.0	0.0	0.0	11.0	0.0	0.0	5.0	0.0	0.0	0.0	0.0	0.0	0.0	0.0	0.0	0.0	0.0	0.0	0.0	0.0	0.0	0.0	0.0	0.0	0.0	0.0	0.0	0.0	0.0	0.0	0.0	0.0	0.0	0.0	0.0	0.0	0.0	0.0	0.0	0.0	0.0	0.0	0.0	0.0	0.0	0.0	0.0	0.0	0.0	0.0	0.0	0.0	0.0	0.0	0.0	0.0	0.0	0.0	0.0	0.0	0.0	0.0	0.0	0.0	0.0	4.0	0.0	0.0	0.0	0.0	0.0	0.0	0.0	0.0	0.0	0.0	0.0	0.0	0.0	0.0	0.0	0.0	0.0	0.0	0.0
G7B980_S22	658.0	568.0	553.0	285.0	512.0	90.0	150.0	223.0	0.0	523.0	0.0	142.0	0.0	0.0	191.0	0.0	0.0	367.0	111.0	113.0	64.0	0.0	0.0	76.0	0.0	0.0	120.0	67.0	154.0	198.0	36.0	18.0	68.0	76.0	39.0	72.0	138.0	121.0	124.0	37.0	0.0	0.0	67.0	0.0	70.0	23.0	45.0	26.0	0.0	4.0	102.0	106.0	0.0	32.0	28.0	26.0	21.0	22.0	0.0	10.0	20.0	0.0	0.0	0.0	0.0	37.0	14.0	0.0	0.0	0.0	0.0	0.0	51.0	0.0	0.0	0.0	8.0	8.0	0.0	10.0	0.0	3.0	9.0	0.0	0.0	25.0	0.0	0.0	0.0	0.0	0.0	0.0	0.0	0.0	0.0	353.0	5.0	0.0	0.0	0.0	0.0	0.0	0.0	0.0	0.0	0.0	0.0	0.0	5.0	0.0	0.0	0.0	0.0	0.0	0.0	0.0	0.0	4.0	0.0	0.0	0.0	0.0	0.0	0.0	0.0	0.0	0.0	0.0	0.0	0.0	0.0	0.0	0.0	0.0	0.0	0.0	0.0	0.0	0.0	4.0	0.0	0.0	0.0	0.0	0.0	0.0	0.0	0.0	0.0	0.0	0.0	0.0	0.0	0.0	0.0	0.0	0.0	0.0	0.0	0.0	0.0	0.0	0.0	0.0	0.0	0.0	0.0	0.0	0.0	0.0	0.0	0.0	0.0	0.0	0.0	0.0	0.0	0.0	0.0	0.0	0.0	0.0	0.0	0.0	0.0	0.0	0.0	0.0	0.0	0.0	0.0	0.0	0.0	0.0	0.0
G7B981_S34	42.0	598.0	15.0	180.0	183.0	113.0	6.0	11.0	0.0	0.0	111.0	50.0	0.0	37.0	0.0	0.0	0.0	0.0	43.0	7.0	34.0	0.0	29.0	24.0	0.0	0.0	8.0	0.0	0.0	12.0	0.0	60.0	45.0	0.0	23.0	2.0	18.0	4.0	0.0	40.0	0.0	4.0	20.0	0.0	26.0	19.0	3.0	26.0	0.0	0.0	0.0	75.0	0.0	0.0	5.0	0.0	6.0	9.0	31.0	0.0	6.0	20.0	0.0	0.0	0.0	0.0	18.0	0.0	0.0	0.0	0.0	86.0	0.0	0.0	0.0	0.0	0.0	0.0	0.0	4.0	0.0	0.0	21.0	7.0	0.0	20.0	0.0	0.0	0.0	0.0	0.0	0.0	0.0	57.0	8.0	0.0	0.0	4.0	0.0	0.0	0.0	0.0	0.0	0.0	0.0	0.0	0.0	0.0	0.0	0.0	0.0	0.0	0.0	0.0	0.0	0.0	0.0	0.0	0.0	0.0	0.0	0.0	0.0	0.0	0.0	0.0	0.0	0.0	0.0	0.0	0.0	0.0	0.0	0.0	0.0	0.0	0.0	0.0	0.0	0.0	0.0	0.0	0.0	10.0	0.0	0.0	0.0	0.0	0.0	0.0	0.0	0.0	0.0	0.0	0.0	0.0	0.0	0.0	0.0	0.0	0.0	0.0	0.0	0.0	0.0	0.0	0.0	0.0	0.0	6.0	0.0	0.0	0.0	0.0	0.0	0.0	0.0	0.0	0.0	0.0	0.0	0.0	0.0	0.0	0.0	0.0	0.0	0.0	0.0	0.0	0.0	0.0	0.0	0.0	0.0
G7B984_S93	708.0	569.0	252.0	504.0	254.0	252.0	144.0	312.0	0.0	0.0	0.0	0.0	0.0	0.0	689.0	0.0	0.0	519.0	157.0	70.0	120.0	0.0	0.0	51.0	0.0	0.0	143.0	127.0	102.0	74.0	61.0	64.0	48.0	0.0	57.0	54.0	0.0	0.0	62.0	52.0	0.0	73.0	31.0	175.0	0.0	38.0	47.0	32.0	0.0	19.0	0.0	29.0	0.0	65.0	0.0	0.0	20.0	14.0	0.0	11.0	29.0	39.0	0.0	30.0	0.0	0.0	12.0	0.0	22.0	0.0	0.0	0.0	20.0	89.0	0.0	0.0	0.0	11.0	0.0	15.0	0.0	0.0	4.0	5.0	0.0	0.0	0.0	0.0	17.0	9.0	0.0	0.0	0.0	0.0	0.0	0.0	4.0	0.0	0.0	0.0	7.0	0.0	0.0	0.0	0.0	0.0	0.0	0.0	0.0	0.0	0.0	0.0	0.0	0.0	0.0	0.0	0.0	0.0	0.0	0.0	0.0	0.0	0.0	0.0	0.0	0.0	0.0	0.0	0.0	0.0	0.0	0.0	0.0	0.0	0.0	0.0	0.0	0.0	0.0	0.0	0.0	0.0	0.0	0.0	0.0	3.0	0.0	0.0	0.0	0.0	0.0	0.0	0.0	0.0	0.0	0.0	0.0	0.0	0.0	0.0	0.0	0.0	0.0	0.0	0.0	0.0	0.0	0.0	0.0	0.0	0.0	0.0	0.0	5.0	0.0	0.0	0.0	0.0	0.0	0.0	0.0	0.0	0.0	0.0	0.0	0.0	0.0	0.0	0.0	0.0	0.0	0.0	0.0	0.0	0.0
G7B985_S10	2273.0	2100.0	997.0	640.0	962.0	841.0	617.0	757.0	669.0	3034.0	800.0	617.0	621.0	1513.0	0.0	1163.0	0.0	173.0	836.0	393.0	390.0	1754.0	574.0	381.0	924.0	598.0	315.0	279.0	303.0	238.0	260.0	361.0	377.0	382.0	185.0	263.0	0.0	226.0	193.0	171.0	0.0	0.0	103.0	0.0	227.0	147.0	91.0	149.0	0.0	129.0	158.0	113.0	134.0	157.0	0.0	53.0	77.0	65.0	0.0	78.0	59.0	0.0	73.0	74.0	0.0	86.0	58.0	0.0	0.0	0.0	0.0	0.0	72.0	0.0	0.0	0.0	21.0	0.0	0.0	21.0	0.0	26.0	43.0	30.0	0.0	0.0	0.0	62.0	0.0	0.0	23.0	35.0	15.0	0.0	0.0	0.0	0.0	0.0	17.0	0.0	0.0	0.0	13.0	0.0	0.0	0.0	23.0	0.0	0.0	0.0	0.0	0.0	0.0	61.0	0.0	0.0	0.0	0.0	0.0	0.0	0.0	0.0	0.0	0.0	0.0	0.0	0.0	0.0	0.0	0.0	0.0	2.0	0.0	0.0	0.0	0.0	0.0	0.0	0.0	0.0	0.0	0.0	0.0	0.0	0.0	0.0	22.0	0.0	0.0	0.0	0.0	0.0	0.0	0.0	0.0	0.0	0.0	0.0	0.0	0.0	0.0	0.0	0.0	0.0	0.0	0.0	0.0	0.0	0.0	0.0	0.0	0.0	0.0	0.0	0.0	0.0	0.0	0.0	0.0	0.0	0.0	0.0	0.0	0.0	0.0	0.0	0.0	0.0	0.0	0.0	0.0	0.0	0.0	0.0	0.0
G7B986_S9	0	0.0	0.0	0	0	0.0	0.0	0	0.0	0	0	0	0	0.0	0.0	0.0	0.0	0	0	0	0	0.0	0.0	0	0	0	0	0	0	0.0	0	0	0	0	0	0.0	0.0	0.0	0	0	0.0	0	0	0	0.0	0.0	0.0	0	0	0	0	0	0	0	0.0	0.0	0	0.0	0	0.0	0	0.0	0	0	0.0	0	0.0	0	0	0	0.0	0	0	0.0	0.0	0	0.0	0.0	0	0	0	0	0	0.0	0	0	0	0.0	0	0.0	0	0	0.0	0	0	0	0	0	0.0	0	0	0	0.0	0	0.0	0	0	0	0	0.0	0	0	0.0	0	0	0	0.0	0	0	0	0	0	0	0	0.0	0	0	0	0	0.0	0	0.0	0	0	0.0	0	0	0	0	0	0.0	0	0	0	0	0	0	0	0	0	0.0	0	0	0.0	0	0	0	0	0	0	0.0	0	0	0	0	0	0	0.0	0	0	0	0	0	0	0	0	0	0	0	0	0	0	0	0	0	0.0	0	0	0	0	0	0	0	0	0
G7B987_S92	481.0	460.0	187.0	0.0	222.0	144.0	111.0	142.0	0.0	705.0	0.0	139.0	0.0	379.0	0.0	0.0	0.0	410.0	152.0	62.0	61.0	0.0	0.0	64.0	0.0	0.0	59.0	77.0	69.0	36.0	0.0	62.0	77.0	0.0	43.0	39.0	0.0	0.0	0.0	44.0	0.0	96.0	39.0	0.0	83.0	40.0	11.0	40.0	0.0	26.0	0.0	17.0	0.0	66.0	0.0	0.0	14.0	0.0	0.0	14.0	0.0	30.0	20.0	0.0	0.0	10.0	10.0	0.0	19.0	0.0	0.0	0.0	12.0	0.0	0.0	0.0	7.0	0.0	0.0	0.0	0.0	8.0	0.0	6.0	0.0	26.0	64.0	0.0	0.0	0.0	0.0	0.0	3.0	0.0	0.0	0.0	0.0	0.0	0.0	0.0	0.0	0.0	0.0	0.0	0.0	74.0	0.0	0.0	0.0	0.0	0.0	0.0	4.0	0.0	0.0	0.0	0.0	0.0	0.0	0.0	0.0	0.0	0.0	0.0	0.0	0.0	0.0	0.0	0.0	0.0	0.0	0.0	0.0	0.0	0.0	0.0	0.0	0.0	0.0	0.0	0.0	0.0	0.0	0.0	0.0	0.0	0.0	0.0	0.0	0.0	0.0	0.0	0.0	0.0	0.0	0.0	0.0	0.0	0.0	0.0	0.0	0.0	0.0	0.0	0.0	0.0	0.0	7.0	0.0	0.0	0.0	5.0	0.0	0.0	0.0	0.0	0.0	0.0	0.0	0.0	0.0	0.0	0.0	0.0	0.0	0.0	0.0	0.0	0.0	0.0	0.0	0.0	0.0	0.0	0.0
G7B988_S33	0	0.0	0.0	0	0	0.0	0.0	0	0.0	0	0	0	0	0.0	0.0	0.0	0.0	0	0	0	0	0.0	0.0	0	0	0	0	0	0	0.0	0	0	0	0	0	0.0	0.0	0.0	0	0	0.0	0	0	0	0.0	0.0	0.0	0	0	0	0	0	0	0	0.0	0.0	0	0.0	0	0.0	0	0.0	0	0	0.0	0	0.0	0	0	0	0.0	0	0	0.0	0.0	0	0.0	0.0	0	0	0	0	0	0.0	0	0	0	0.0	0	0.0	0	0	0.0	0	0	0	0	0	0.0	0	0	0	0.0	0	0.0	0	0	0	0	0.0	0	0	0.0	0	0	0	0.0	0	0	0	0	0	0	0	0.0	0	0	0	0	0.0	0	0.0	0	0	0.0	0	0	0	0	0	0.0	0	0	0	0	0	0	0	0	0	0.0	0	0	0.0	0	0	0	0	0	0	0.0	0	0	0	0	0	0	0.0	0	0	0	0	0	0	0	0	0	0	0	0	0	0	0	0	0	0.0	0	0	0	0	0	0	0	0	0
G7B995_S69	411.0	325.0	135.0	312.0	140.0	201.0	83.0	97.0	0.0	0.0	287.0	129.0	0.0	263.0	0.0	0.0	0.0	0.0	73.0	45.0	58.0	0.0	0.0	29.0	0.0	0.0	62.0	60.0	0.0	39.0	37.0	15.0	0.0	108.0	44.0	35.0	0.0	36.0	0.0	41.0	246.0	0.0	25.0	0.0	0.0	18.0	12.0	14.0	0.0	17.0	0.0	13.0	0.0	0.0	45.0	0.0	9.0	8.0	50.0	10.0	0.0	20.0	19.0	0.0	36.0	6.0	8.0	0.0	0.0	38.0	0.0	26.0	3.0	0.0	0.0	0.0	0.0	13.0	0.0	7.0	0.0	0.0	0.0	0.0	0.0	8.0	0.0	0.0	0.0	0.0	8.0	0.0	0.0	97.0	0.0	0.0	0.0	0.0	0.0	0.0	0.0	0.0	0.0	0.0	13.0	0.0	0.0	0.0	0.0	0.0	0.0	0.0	0.0	0.0	0.0	0.0	0.0	0.0	0.0	0.0	0.0	0.0	0.0	0.0	0.0	0.0	0.0	0.0	0.0	0.0	0.0	0.0	0.0	0.0	0.0	0.0	0.0	0.0	0.0	0.0	0.0	0.0	0.0	0.0	0.0	0.0	0.0	0.0	0.0	0.0	0.0	0.0	0.0	0.0	0.0	0.0	0.0	0.0	0.0	0.0	0.0	0.0	0.0	0.0	0.0	0.0	0.0	0.0	0.0	0.0	0.0	0.0	0.0	0.0	0.0	0.0	0.0	0.0	0.0	0.0	0.0	0.0	0.0	0.0	0.0	0.0	0.0	0.0	0.0	0.0	0.0	0.0	0.0	0.0	0.0
G7B998_S21	3153.0	2508.0	1621.0	0.0	1259.0	1149.0	754.0	1054.0	760.0	52.0	1802.0	0.0	1956.0	76.0	2008.0	0.0	0.0	0.0	0.0	605.0	500.0	0.0	1563.0	453.0	0.0	0.0	352.0	473.0	368.0	265.0	356.0	386.0	538.0	0.0	199.0	267.0	0.0	0.0	446.0	196.0	0.0	455.0	216.0	1020.0	0.0	225.0	151.0	0.0	959.0	188.0	163.0	137.0	0.0	0.0	274.0	0.0	73.0	78.0	404.0	97.0	166.0	161.0	0.0	0.0	0.0	75.0	115.0	0.0	99.0	0.0	97.0	371.0	78.0	0.0	0.0	0.0	24.0	0.0	250.0	26.0	0.0	0.0	55.0	28.0	0.0	106.0	0.0	53.0	0.0	0.0	36.0	38.0	15.0	0.0	0.0	0.0	0.0	0.0	0.0	0.0	0.0	0.0	26.0	0.0	0.0	0.0	0.0	0.0	0.0	0.0	0.0	0.0	0.0	0.0	0.0	0.0	0.0	0.0	0.0	0.0	0.0	10.0	0.0	0.0	0.0	0.0	0.0	0.0	0.0	0.0	0.0	0.0	0.0	8.0	37.0	0.0	0.0	0.0	0.0	0.0	0.0	0.0	0.0	0.0	0.0	0.0	0.0	0.0	0.0	0.0	0.0	0.0	0.0	0.0	0.0	0.0	0.0	0.0	0.0	0.0	0.0	0.0	0.0	0.0	0.0	0.0	0.0	0.0	0.0	0.0	0.0	0.0	0.0	0.0	0.0	0.0	0.0	0.0	0.0	0.0	0.0	0.0	0.0	0.0	0.0	0.0	0.0	0.0	0.0	0.0	0.0	0.0	0.0	0.0	0.0
NegControl1_S14	0.0	0.0	0.0	0.0	0.0	0.0	0.0	0.0	0.0	0.0	0.0	0.0	0.0	0.0	0.0	0.0	0.0	0.0	0.0	0.0	0.0	0.0	0.0	0.0	0.0	0.0	0.0	0.0	0.0	0.0	0.0	0.0	0.0	0.0	0.0	0.0	0.0	0.0	0.0	0.0	0.0	0.0	0.0	0.0	0.0	0.0	0.0	0.0	0.0	0.0	0.0	2.0	0.0	0.0	0.0	0.0	0.0	0.0	0.0	0.0	0.0	0.0	0.0	0.0	0.0	0.0	0.0	0.0	0.0	0.0	0.0	0.0	0.0	0.0	0.0	0.0	0.0	0.0	0.0	0.0	0.0	0.0	0.0	0.0	0.0	0.0	0.0	0.0	0.0	0.0	0.0	0.0	0.0	0.0	0.0	0.0	0.0	0.0	0.0	0.0	0.0	0.0	0.0	0.0	0.0	0.0	0.0	0.0	0.0	0.0	0.0	0.0	0.0	0.0	0.0	0.0	0.0	0.0	0.0	0.0	0.0	0.0	0.0	0.0	0.0	0.0	0.0	0.0	0.0	0.0	0.0	0.0	0.0	0.0	0.0	0.0	0.0	0.0	0.0	0.0	0.0	0.0	0.0	0.0	0.0	0.0	0.0	0.0	0.0	0.0	0.0	0.0	0.0	0.0	0.0	0.0	0.0	0.0	0.0	0.0	0.0	0.0	0.0	0.0	0.0	0.0	0.0	0.0	0.0	0.0	0.0	0.0	0.0	0.0	0.0	0.0	0.0	0.0	0.0	0.0	0.0	0.0	0.0	0.0	0.0	0.0	0.0	0.0	0.0	0.0	0.0	0.0	0.0	0.0	0.0
